posizione;titolo;autore;url;descrizione
1;Calde le pere! Storia di un fiume e di una integerrima fanciulla;Francesco Guccini;https://www.ibs.it/calde-pere-storia-di-fiume-libro-francesco-guccini/e/9791223286869;Descrizione Il lettore si divertirà a leggere questo malizioso quadretto pieno di sensualità d'antan almeno quanto si sarà divertito Guccini a recuperare dalle acque del Reno italico questa piccola gemma. «Ma perché calde? Uno le può immaginare soffici, morbide, carezzevoli, al limite tiepide, ma non calde. Dobbiamo allora tentare un'altra spiegazione.» «Un libro che condensa la sua vocazione di narratore attento ai destini minimi, alla lingua del popolo, ai luoghi che si fanno leggenda e ai mondi che non ci sono più ma non scompaiono mai.» - Cristina Taglietti, La Lettura Un brogliaccio che salva dall'oblio storie di un tempo lontano, il grido di una ragazza che passa in bicicletta, una caldissima giornata estiva… Bastano questi ingredienti perché dalla penna di Francesco Guccini sgorghi un racconto luminoso e sognante come certi ricordi di giovinezza. Un po' salace, boccaccesca, nella più pura tradizione della novellistica italiana, un po', al contrario, quasi lieve, seppiata dalla patina di tenerezza e nostalgia appóstavi dal tempo passato, questa storia è ricca di echi, perché, risalendo dentro un passato ancora più remoto, evoca addirittura i miti pagani della tradizione classica. Sembra quasi scritta da un Virgilio più audace o da un Ovidio più pudico. Leggi di più Leggi di meno
2;La scala di seta;Marco Malvaldi;https://www.ibs.it/scala-di-seta-libro-marco-malvaldi-samantha-bruzzone/e/9788838950353;Descrizione Due scrittori e due detective. Marco Malvaldi e Samantha Bruzzone, due punti di vista, maschile e femminile, un’unica penna intinta di umorismo e una coppia di personaggi, Serena e Corinna, che indaga immersa nei paradossi della quotidianità. «Una storia ben congegnata e scritta con quello stile divertito, ammiccante e ironico che è ormai una cifra riconoscibile degli autori.» - Severino Colombo, La Lettura Serena Martini, chimica di professione, sommelier per passione e doti naturali, mamma perennemente indaffarata in mille occupazioni diverse. Corinna Stelea, sovrintendente di polizia con un forte senso del dovere, un metro e novanta di professionalità e tenacia. Le loro strade, in un modo o nell’altro, finiscono per intrecciarsi e convergere in irresistibili avventure investigative, in questo caso radicate in un passato molto remoto. È morta Chiara Sbrana. Investita sulle strisce pedonali, non è mai stato trovato il pirata della strada, ma ci sono forti sospetti, fortissimi, che il responsabile sia il fidanzato Gregorio. Chiara lavorava per uno studio di architetti specializzato in ristrutturazioni e prima di rimanere vittima dell’incidente si era rivolta a Serena, da poco titolare di un nuovo laboratorio di consulenza chimica, per far analizzare dell’intonaco. Per vederci chiaro in questa morte incomprensibile Corinna ha ancora bisogno della sua amica. Tanto più che il particolare dell’intonaco alimenta il sospetto che la morte abbia a che fare, più che con il fidanzato, con il lavoro della vittima, in particolare con un appartamento da ristrutturare in centro storico a Pisa, appartenuto alla fine degli anni Ottanta a Giulio, studente universitario con una storia piuttosto triste: una vita sregolata in conflitto con i genitori, droga, sesso e una morte per AIDS, ma guai a parlarne in famiglia. Il fratello Alberto ora vuole liberarsi del passato di Giulio, macchiato, agli occhi del padre, dalla colpa di essere gay, e dell’appartamento ereditato. Ma l’immobile, all’interno di un palazzo del Trecento nel quale per anni ha abitato l’artista Benozzo Gozzoli, nasconde con ogni probabilità tesori di valore inestimabile. Forse i sospetti di Corinna non sono poi così insensati, e Serena e le sue indagini chimiche unite al fiuto formidabile come sempre le saranno di vero aiuto. Leggi di più Leggi di meno
3;Come se ne esce. Il mondo dopo Donald Trump;Francesco Costa;https://www.ibs.it/come-se-ne-esce-mondo-libro-francesco-costa/e/9788804776895;Descrizione Dalla California al Mississippi, un viaggio nell'America che cambia rotta, trova soluzioni e cerca una via d'uscita al decennio di Trump. È una storia che riguarda anche noi: c'è già chi ha smesso di aspettare le vecchie regole e ha cominciato a scriverne di nuove. Il mondo è più instabile che mai. Le notizie ci spaventano e ci sfiniscono. E niente di tutto questo sparirà con la fine della presidenza di Donald Trump, che è invece il punto di arrivo di una crisi molto più lunga: finché non sarà affrontata produrrà altri Trump, con qualsiasi nome arriveranno. Le regole del mondo di prima non funzionano più, quelle nuove sono tutte da costruire, e le democrazie non sanno che pesci prendere. Il problema è che è difficile proteggere le democrazie quando queste smettono di produrre risultati soddisfacenti, che si parli di redditi, sicurezza, libertà, servizi, opportunità, diritti. Allora i nemici della democrazia cavalcano la sfiducia, vincono le elezioni e proseguono a sfasciare tutto. Il caos che gli Stati Uniti esportano ovunque, insomma, nasce dal caos al loro interno. Chi spera di contenerlo con la diplomazia, la pazienza e i vertici internazionali si prepara a una lunga attesa: la malattia è profonda. Ma come si è arrivati a tanto? E soprattutto: come si chiude questo momento politico, storico, culturale? Come si volta pagina? In questo libro, Francesco Costa cerca la risposta nelle persone e nei luoghi dove già oggi, negli Stati Uniti, si costruisce un futuro diverso e si impara dagli errori del passato: risolvendo problemi concreti, ristabilendo un rapporto di fiducia reciproca, ripensando le comunità e le città, riportando industria e lavoro. Vincendo quando e dove non sembra possibile. Facendo funzionare la democrazia e, in questo modo, proteggendola. Leggi di più Leggi di meno Argomenti Futuro Stati Uniti Stati Uniti-Società
4;La donna in bianco. Ediz. integrale;Wilkie Collins;https://www.ibs.it/donna-in-bianco-ediz-integrale-libro-wilkie-collins/e/9788822780195;Descrizione Quale terribile segreto nasconde la misteriosa figura femminile che si aggira di notte per le buie strade di Londra? «Il più bello dei romanzi polizieschi inglesi moderni.» - T.S. Eliot «Un thriller che tiene ancora benissimo» - Carlo Fruttero, La Stampa «Tenetevi almeno tre giorni liberi per godervi il libro al meglio.» - Irene Bignardi, Vanity Fair Pubblicato a puntate nel 1859-1860 sulla rivista «All the Year Round» diretta da Charles Dickens, La donna in bianco di Wilkie Collins suscitò grande entusiasmo e ammirazione nel pubblico, aprendo la strada a quella narrativa del mistero che in Inghilterra trovò le sue espressioni più ricche e significative. Incentrato sulla somiglianza e lo scambio di persona tra due affascinanti donne – la sventurata Anne Catherick, vestita sempre di bianco, e la bionda e ricca Laura – La donna in bianco ebbe analogo successo sia in America sia nel resto d'Europa. Henry James scriverà del libro e dell'autore: «Ha introdotto nel romanzo i più misteriosi dei misteri, i misteri che sono fuori della porta di casa nostra». Leggi di più Leggi di meno
5;Max, Mischa e l'offensiva del Tet;Johan Harstad;https://www.ibs.it/max-mischa-offensiva-del-tet-libro-johan-harstad/e/9788838949968;"Descrizione Max, Mischa e l’Offensiva del Tet è un romanzo monumentale, traboccante di idee, informazioni e cultura, alta, bassa, popolare, e al tempo stesso è un dramma familiare e una storia d’amore intrecciata a un racconto di trasformazione politica. «Non scrivo perché quel che abbiamo vissuto non l'abbia mai vissuto nessun altro; le nostre vite non erano particolarmente spettacolari né significative. Non lo sono mai state, né allora né ora. Però erano le nostre vite, erano intrecciate, e mi è venuta una gran paura di perderle.» «Un appassionato manifesto per il nostro tempo e per la sua febbrile ricerca di un bene sempre più raro: una casa da chiamare casa.» - Siri Hustvedt «Johan Harstad scrive oltre 1200 pagine su identità, famiglia, arte. Come si affrontano? Una frase alla volta (non ci si annoia).» - Luca Ricci, Tuttolibri «Manca una vera trama, ma si reggono su una narrazione fluviale (e sull'amore tra i protagonisti) le 1256 pagine del libro di Johan Harstad che racconta gli Usa dal punto di vista di un regista scandinavo destinato a restare un immigrato». - Vanni Santoni, La Lettura «Viva Max, Mischa e l'offensiva dei libri belli di cui si parla moltissimo in giro. Esserne felici è il minimo.» - Marco Archetti, Il Foglio Max è un regista teatrale, vive e lavora negli Stati Uniti. Se fosse dipeso da lui non avrebbe mai lasciato il luogo in cui è nato: un sobborgo sulla costa occidentale della Norvegia, dove i bambini potevano fare tutto il rumore che volevano mentre i padri erano lontani sulle piattaforme petrolifere del Mare del Nord. Max non torna a casa da oltre vent’anni ed è possibile che col tempo sia diventato un americano. Non se lo sarebbe mai aspettato. Nell’estate del 1990 Max non ha ancora tredici anni, il padre ha ottenuto un nuovo impiego negli USA. Tutta la famiglia si sposta a Long Island, nello Stato di New York, e Max è costretto a trovarsi nuove strade, nuovi spazi e nuove idee, a farle proprie, mentre intorno a lui la famiglia lentamente si disgrega. È in questo scenario che stringe amicizia con Mordecai e, attraverso di lui, incontra Mischa, una ragazza canadese di sette anni più grande che assomiglia all’attrice Shelley Duvall ritratta in copertina. E poi c’è Ove, uno zio affettuoso ma instabile, ironico, spesso assorbito dai propri pensieri e dalle proprie ossessioni. Vive a Manhattan dopo aver lasciato Oslo per inseguire il sogno di diventare musicista in America, ma ha fallito. È finito in Vietnam mentre la guerra volgeva al termine, e per un po’ nessuno ha più avuto sue notizie. Per Max è una fonte costante di fascino, e di irrequietezza. ""Max, Mischa e l’Offensiva del Tet"" parla d’arte e di nostalgia, del tentativo di costruire un luogo da chiamare casa; dell’applicabilità della resistenza vietnamita alla vita quotidiana; di chi è andato in guerra e di chi invece l’ha contestata; di ragazze che sembrano Shelley Duvall. Più di ogni altra cosa, racconta come si costruisce una vita piena anche senza una riconciliazione finale, perché non c’è mai una guarigione definitiva, non c’è un «ritorno a casa»: c’è solo l’atto ostinato di continuare a vivere, creare, amare – pur sapendo che qualcosa resterà per sempre irrisolto. Leggi di più Leggi di meno"
6;I Lazar;Nelio Biedermann;https://www.ibs.it/lazar-libro-nelio-biedermann/e/9788823536104;Descrizione Libro vincitore del Premio dei Librai Indipendenti e finalista dello Schweizer Buchpreis 2025 Una magistrale opera-mondo con il ritmo che solo uno scrittore ventenne sa imprimere alla Grande Storia, raccontando l'impetuoso destino di una nazione attraverso la saga di una famiglia straordinaria. «I Làzàr dimostra che il grigio realismo dei millenial non basta più alla Gen Z. Questo è il futuro.» - The Telegraph «Un romanzo da divorare.» - Dua Lipa «Favoloso è la parola giusta per questa fiaba moderna.» - The Times «Un nuovo autore di grande talento è arrivato tra noi.» - Patti Smith Splendore e declino di una grande famiglia sulle rive del Danubio. All'alba del Novecento, nel loro castello nel sud dell'Ungheria, i Lázár accolgono l'ultimo nato, al tempo stesso miracolo e maledizione. Il piccolo Lajos von Lázár non assomiglia ai genitori: pelle quasi trasparente e occhi azzurri come l'acqua, viene subito considerato estraneo, inquietante, di cattivo auspicio. Sándor, il padre patriarca, si vergogna di suo figlio, la cui presenza sembra risvegliare forze oscure e soprannaturali nel visionario zio Imre. Ma l'arrivo di Lajos è solo l'inizio. Segreti, passioni proibite, colpe indicibili e traumi si intrecciano e si tramandano di generazione in generazione per oltre mezzo secolo, dalla fine dell'Impero asburgico al 1957, passando per due guerre mondiali, l'avvento dei totalitarismi, le rivoluzioni, la persecuzione degli ebrei. La Storia entra nelle vite dei protagonisti, le loro vicende private convivono con la violenza del reale: mentre il mondo attorno a loro cambia irrimediabilmente, anche i Lázár sono travolti da tragedie e sconfitte, ma non rinunciano mai a una struggente, incessante ricerca dell'amore. Leggi di più Leggi di meno
7;Piccolo taccuino di fisica illustrata. L'Universo in tasca;Massimo Temporelli;https://www.ibs.it/piccolo-taccuino-di-fisica-illustrata-libro-massimo-temporelli/e/9788858059661;Descrizione Un libro da leggere, osservare e sfogliare, in cui ogni pagina accende una domanda e ogni risposta svela una nuova meraviglia. Perché capire la fisica significa imparare a leggere la realtà. Un taccuino vivo, vissuto, personale: così Massimo Temporelli trasforma formule, leggi e teorie della fisica in un viaggio visivo e narrativo che sorprende, incuriosisce e invita a guardare ciò che ci circonda con occhi nuovi. Questo non è un semplice libro di divulgazione, ma un oggetto da esplorare, interamente costruito attorno alle pagine illustrate a mano dall’autore, ognuna delle quali è affiancata da “lezioni” chiare e coinvolgenti. Attraverso quattro percorsi – Oggetti di uso quotidiano, Leggi fondamentali della fisica, Matematica e Curiosità scientifiche – scoprirete che la fisica è davvero ovunque: nella moka, in un popcorn, in un giradischi, nelle forme dei capelli e nelle onde che attraversano l’Universo. Leggi di più Leggi di meno Argomenti Educazione scientifica Fisica-Didattica
8;Una ragazza fuori moda;Louisa May Alcott;https://www.ibs.it/ragazza-fuori-moda-libro-louisa-may-alcott/e/9788822780300;Descrizione Una ragazza fuori moda racconta con garbo e ironia lo scontro tra due mondi opposti, dove l’autenticità di Polly scardina le apparenze, riscrive le regole dell’amicizia e dell’amore, e soprattutto insegna che la vera eleganza risiede nell'animo. Introduzione e traduzione di Felicia Kingsley Polly Milton è una ragazza di campagna, semplice, affettuosa e sempre allegra. Indossa abiti modesti e fuori moda, ma non fa caso a queste formalità, per lei la vera ricchezza si misura diversamente. Fanny Shaw, ragazza di città più che benestante, adora vestirsi sempre all'ultimo grido e ogni altro genere di frivolezza. Quando Polly arriva in città, ospite in casa di Fanny, le possibilità che le due vadano d'accordo sono davvero poche... eppure, tra loro nasce un'amicizia autentica e sorprendente. Non solo, ma Polly entra nelle grazie di tutta la famiglia di Fanny, che adora la sua spontaneità e il suo intramontabile ottimismo. Con il passare degli anni, anche i suoi sentimenti per l'impetuoso fratello di Fanny, Tom, si fanno sempre più forti. Chissà che anche loro non siano destinati a un legame profondo. Leggi di più Leggi di meno
9;Tutti i colori del buio;Chris Whitaker;https://www.ibs.it/tutti-colori-del-buio-libro-chris-whitaker/e/9788806256340;Descrizione Nel bosco di Monta Clare, Missouri, una mattina del 1975 un adolescente scompare. È l'inizio di un'epopea lunga trent'anni. La storia di un legame che nessun buio riuscirà a spegnere. Quando il tredicenne Joseph «Patch» Macauley viene rapito, Saint Brown, la sua compagna di scorribande, è determinata a riportarlo a casa. Ma Patch rimane prigioniero in uno scantinato per quasi un anno. Solo una ragazza di nome Grace gli fa visita di tanto in tanto e parla con lui, nascosta dall’oscurità. Tornato libero, Patch è ossessionato dall’idea di ritrovarla, e di dare la caccia all’uomo che gli ha rovinato l’esistenza. Mentre i mesi si trasformano in anni e la speranza diventa disperazione, Saint, nell’ombra, lo segue e lo protegge nella sua ricerca. Anche se scoprire la verità può significare perdersi per sempre. «Incredibile. Inquietante. Indimenticabile». Patricia Cornwell Un successo internazionale da oltre tre milioni di copie vendute. Libro dell'anno per il «Washington Post», Amazon, Waterstones, Audible, Apple Books, Google Play e finalista del GoodReads Choice Award. «Un tour de force ambizioso ed emozionante». The Guardian «Un romanzo imperdibile, che toglie il fiato». Gillian Flynn «Un’avventura in cui perdersi, e da amare». Alex Michaelides Leggi di più Leggi di meno
10;Ruggine e diamanti;Anne Holt;https://www.ibs.it/ruggine-diamanti-libro-anne-holt/e/9788806255183;Descrizione «Hanne Wilhelmsen era un cane sciolto che non faceva più parte del sistema» La dolce estate scandinava, una casetta tra i fiordi. Una situazione idilliaca per chiunque, tranne che per Hanne Wilhelmsen, consumata dalla noia. Fino a quando il cadavere di una donna non viene ritrovato nelle vicinanze e una nuova indagine può finalmente iniziare. Sono passati due anni dall'ultimo caso di cui Hanne si è occupata e il capo della polizia in persona le ha imposto un periodo di riposo. Adesso, con la bella stagione, è ospite nella casa delle vacanze di famiglia, nel sudovest della Norvegia. Parenti e amici che vanno e vengono. Molta, troppa tranquillità. Il rinvenimento di un corpo arriva a scuotere questa pace narcotizzante. E quando Hanne scopre che la defunta era legata alla sua vicina - la timida e sfuggente scrittrice di crime Kristine Hoff - inizia a frequentarla. In cerca di amicizia, ma anche di risposte. Il capitolo conclusivo di una delle serie crime piú amate dal pubblico italiano. Leggi di più Leggi di meno
11;L'ultimo turno;Chris Pavone;https://www.ibs.it/ultimo-turno-libro-chris-pavone/e/9788807037139;Descrizione Uno dei migliori gialli dell'anno per il New York Times Un palazzo di lusso nel cuore di New York. Un omicidio che nasconde segreti e contraddizioni di un intero paese. Un giallo che esce dai confini del giallo e che racconta l’America divisa dell’epoca di Trump. «Cinico, divertente, affilato.» - Stephen King «Intreccio geniale, ambientazione irresistibile e personaggi indimenticabili.» - John Grisham «L'americano Chris Pavone costruisce un giallo che è in realtà un preciso affresco sociale del nostro presente. Con tutti i suoi lati oscuri.» - Giancarlo De Cataldo, Robinson Chicky Diaz è il portiere più amato del Bohemia, il palazzo più prestigioso dell’Upper West Side, dimora di celebrità, finanzieri e dell’élite culturale di New York. Nel suo lussuoso attico, l’appartamento 11C-D, Emily Longworth ha tutto quello che ha sempre desiderato. Peccato che odi profondamente suo marito, che detestava in silenzio già prima delle recenti rivelazioni sull’origine della sua immensa ricchezza. Ma il contratto prematrimoniale è inattaccabile e lei non ha ancora trovato la forza di lasciarlo. Al piano inferiore, nell’appartamento 2A, Julian Sonnenberg – critico d’arte di successo e uomo che ha vissuto per cinquant’anni una vita piena e cosmopolita – riceve una telefonata devastante. Una notizia che non fa che confermare la sua sensazione: quella di essere ormai irrimediabilmente out. Intanto, nei sotterranei del Bohemia, il personale del palazzo – quasi tutto afroamericano e ispanico – segue con inquietudine le notizie in tv: a pochi isolati di distanza, un nero è stato ucciso dalla polizia. La città sta esplodendo in proteste, scontri, violenze. Mentre si prepara per il suo turno serale, Chicky infrange una regola sacra del mestiere: stasera porterà con sé una pistola. Perché lui sa che, proprio davanti all’ingresso sontuoso e all’apparenza inespugnabile del palazzo, si sta giocando qualcosa di più grande. Stanotte, nemici si scontreranno, lealtà verranno messe alla prova, segreti svelati – e vite spezzate. In un affresco inedito e feroce della New York di oggi, Chris Pavone scrive un giallo perfetto per i nostri tempi, dove suspense, critica sociale e ritmo narrativo si fondono senza soluzione di continuità. Leggi di più Leggi di meno
12;Il fattore gatto;Piergiorgio Pulixi;https://www.ibs.it/fattore-gatto-libro-piergiorgio-pulixi/e/9788829790135;Descrizione Tra sospetti e bugie, amori segreti e tradimenti inconfessabili, Marzio e i suoi “investigatori del martedì” dovranno risolvere un rompicapo elegante e feroce, un intrigo che sa di Dieci piccoli indiani . Ci sono poche cose che il libraio Marzio Montecristo odia più dei matrimoni. Eppure, quando Valérie de Gramont entra nella libreria Les Chats Noirs e chiede al nonno un regalo di nozze semplicemente inaudito – acquistare tutti i libri presenti e “trasferire” la libreria là dove si celebrerà il matrimonio –, Marzio non può sottrarsi. Anche perché la richiesta non è un capriccio qualunque: Valérie e il futuro sposo, l’inglese Thomas Stuart, stanno per celebrare un matrimonio esclusivo a Serpentara, un isolotto selvaggio della Sardegna meridionale, trasformato per l’occasione in un villaggio di lusso. Quando Marzio vi sbarca con i suoi due inseparabili gatti neri, Marple e Poirot, e gli “investigatori del martedì”, resta senza parole: dove prima c’erano solo rocce, vento e gabbiani, ora ci sono un residence impeccabile, un ristorante da sogno e, come per magia, una riproduzione in scala reale della sua libreria. L’incanto, però, dura poco: un brutale omicidio squarcia l’atmosfera spensierata. Su un’isola, con il mare a fare da confine e gli orari scanditi da cerimonie e protocolli, chiunque può essere colpevole, e chiunque ha qualcosa da perdere. Miliardi, rivalità, contratti, eredità: la tensione tra le famiglie dei due sposi, ricchissime, perfette in pubblico e spietate dietro le quinte, si avverte a ogni brindisi. Ma le ragioni dell’assassino potrebbero essere altrove: un segreto di famiglia, un ricatto, una vendetta covata sotto i sorrisi, o forse la più corrosiva delle passioni: l’invidia davanti a un amore esibito come un trofeo? Leggi di più Leggi di meno
13;Magnifica humanitas. Lettera Enciclica sulla custodia della persona umana nel tempo dell’intelligenza artificiale;Leone XIV (Robert Francis Prevost);https://www.ibs.it/magnifica-humanitas-lettera-enciclica-sulla-libro-leone-xiv-robert-francis-prevost/e/9788826610931;Descrizione La prima, attesissima, enciclica di Papa Leone XIV.Un testo autorevole e importante sul rapporto tra persone e nuove tecnologie. Prima Enciclica di Papa Leone XIV, dedicata alla custodia della dignità e del valore della persona umana nella nostra epoca, segnata dall'avvento dell'intelligenza artificiale. Un testo atteso in tutto il mondo da moltissimi lettori per l'autorevolezza del Magistero Pontificio e per l'attualità della tematica, che ormai tocca quotidianamente la vita di ciascuno. Leggi di più Leggi di meno Argomenti Chiesa cattolica Encicliche Intelligenza artificiale
14;Le perfezioni;Vincenzo Latronico;https://www.ibs.it/perfezioni-libro-vincenzo-latronico/e/9788806274504;"Descrizione Vincitore del Premio Mondello 2022inserito nella dozzina del Premio Strega 2022finalista dell'International Booker Prize 2025. I sogni e le disillusioni del nostro tempo frenetico e fragile nella storia di una coppia come tante alla ricerca di qualcosa che somigli a un'idea di felicità. Vincitore del Premio Mondello 2022; inserito nella dozzina del Premio Strega 2022; finalista dell'International Booker Prize 2025. I sogni e le disillusioni del nostro tempo frenetico e fragile nella storia di una coppia come tante alla ricerca di qualcosa che somigli a un'idea di felicità. Anna e Tom sono creativi espatriati a Berlino. Si amano da sempre, fanno un lavoro che gli piace, hanno una vita che sembra perfetta, simile a quella di molti loro coetanei a Brooklyn, Stoccolma, Milano: complici, cosmopoliti, felici, almeno in superficie. Ma, appena fuori da una perfezione costruita, si allarga l'ombra di una profonda insoddisfazione. Con una precisione spietata ma venata di compassione, Vincenzo Latronico racconta la vacuità dell'esistenza contemporanea e l'anima di un'intera generazione incapace di essere felice. Leggi di più Leggi di meno"
15;La versione delle margherite;Sarah Savioli;https://www.ibs.it/versione-delle-margherite-libro-sarah-savioli/e/9788807970160;Descrizione In questa quinta e ultima avventura degli Insospettabili, tra cani fifoni, gatti spocchiosi, scoiattoli schizofrenici pronti a conquistare il mondo e margherite con un'idea molto chiara su come sentirsi sempre dalla parte della ragione, Sarah Savioli snoda una doppia indagine che corre a rotta di collo verso una conclusione in cui ogni pezzo trova il suo posto, e i personaggi che amiamo trovano finalmente pace. «Perché in questa vicenda ho imparato che sono abbastanza coraggiosa da continuare a essere sensibile, da decidere che tutto ciò che vive mi interessa, che tutto ciò che vive è parte anche di me. E che non smetterò mai di ascoltare gli altri, chiunque essi siano.» Gaetano Rosi, appena uscito di prigione, si rivolge all'Agenzia Cantoni per scoprire chi ha ucciso suo fratello Enrico, dato che gli inquirenti hanno archiviato il caso come un regolamento di conti fra bande rivali. Gaetano non rinnega il proprio passato di violenza e spaccio, ma con la stessa determinazione vuole difendere quello del fratello: Enrico si era sempre tenuto alla larga dal crimine e dai guai. Si è trattato di uno scambio di persona? Oppure qualcuno ha voluto colpire Gaetano infierendo su un innocente? Come sempre di fronte ai casi persi in partenza, Anna sfida il parere del suo capo e, con l'immancabile aiuto di eccentrici testimoni dal regno animale e vegetale, decide di aiutare l'ex galeotto. Ma è proprio nel corso di questa indagine in ambienti criminali e destrorsi, tra vivai fin troppo ciarlieri e sospetti fin troppo taciturni, che riemerge una figura sconosciuta che sembra sapere su di lei cose che nemmeno lei ricorda. Affascinata e spaventata, Anna si ritrova ad affrontare una volta per tutte ciò che più teme al mondo: il dolore dei suoi cari. Fino a che punto ci si può spingere per proteggere chi si ama? Leggi di più Leggi di meno
16;La lunga estate dei gelsomini;Licia Tumminello;https://www.ibs.it/lunga-estate-dei-gelsomini-libro-licia-tumminello/e/9788842938347;"Descrizione Ispirato a una pagina dimenticata della nostra Storia, un romanzo polifonico che, mentre traccia un indelebile ritratto intimo della sua protagonista, dà voce a tutte le donne che hanno lottato, ieri e sempre, per la propria dignità e la propria libertà. Milazzo, estate 1945. Mani veloci frugano nel buio, in cerca delle piccole corolle bianche che come stelle punteggiano a migliaia la campagna. Quei fiori notturni, delicati e inebrianti, diventeranno pregiati profumi francesi, ma non saranno le gelsominaie a godere di quel lusso. Per le tante donne e bambine chine a raccoglierli da mezzanotte all'alba, da giugno a ottobre senza un giorno di riposo, ci sono solo fango, fatica e un salario da fame. Grazia è bracciante da quando aveva undici anni. Ora ne ha ventitré ed è caposquadra, un punto di riferimento per le compagne. Da ragazzina sognava di diventare maestra, ma nella sua famiglia di pescatori non serviva una femmina istruita. E allora, se proprio doveva rinunciare a studiare, voleva almeno profumare di fiori, come zia Assunta. Da quella zia indipendente che non si lasciava comandare, Grazia vorrebbe aver ereditato anche la voce ferma e autorevole, per denunciare le ingiustizie subite dalle donne. Ma sente di non avere lo stesso coraggio nel fronteggiare i caporali, il marito e tutti coloro che le ripetono ogni giorno di stare al posto suo. Eppure, in quell'estate sospesa tra la fine della guerra e la promessa di un futuro migliore, qualcosa sta per cambiare. Complice anche il ritorno di Francesco, che scompiglia il cuore e la mente di Grazia. Si sono conosciuti sui banchi di scuola, quando a unirli era un sentimento mai confessato, prima che il destino dividesse le loro strade. Lui ha potuto laurearsi, diventare medico, vivere al Nord, e ora le parla di scioperi e diritti dei lavoratori. Forte di quella consapevolezza nuova, Grazia non può più tacere di fronte agli abusi di cui è vittima e testimone alla piana dei gelsomini, e decide di capeggiare una protesta. Lo deve alla sua amica Nedda e alla sua nipotina Vita; lo deve a tutte le compagne, che meritano tutele e rispetto; lo deve a sé stessa e ai sogni ancora nel cassetto. Perché forse non è troppo tardi per scegliere da sola il posto che le spetta. Leggi di più Leggi di meno"
17;Tutti in questa banca sono ladri;Benjamin Stevenson;https://www.ibs.it/tutti-in-questa-banca-sono-libro-benjamin-stevenson/e/9788807037191;Descrizione Una rapina in banca.Dieci sospettati.Una sfida contro il tempo che solo gli enigmisti più navigati riusciranno a vincere. «Mi chiamo Ernest Cunningham. Fino a oggi, mi sarei definito un detective passabile. Non certo un professionista ma, quando mi ci metto, so essere una discreta spina nel fianco. Stavolta però è diverso. C’è stato un omicidio. Anzi, più di uno. E tra quattordici ore e… diciamo ventinove minuti, se ne consumerà un altro. Il mio.» «Un giallo divertente è il campione di fine estate». - L'Espresso Ernest Cunningham ha passato gli ultimi anni a risolvere omicidi. Ma in materia di rapine in banca è un pivello. Si trova alla Huxley Bank insieme a Juliette per chiedere un prestito: il matrimonio si avvicina, i conti sono in rosso e, per farli quadrare, a Ernest è venuta la folle idea di aprire finalmente una vera agenzia investigativa. Il direttore Winston Huxley è disposto ad aiutarlo, a patto però che ritrovi suo fratello Edward, scomparso da trentasei ore. In qualità di responsabile della sicurezza, Edward è l’unico a conoscere il nuovo codice del caveau. Ernest non fa nemmeno in tempo a decidere se accettare che un rapinatore mascherato spara un colpo in aria e fa scattare il lockdown. Le porte si bloccano, le saracinesche si abbassano: nessuno entra, nessuno esce. Il che significa che, quando qualcuno viene assassinato, tutti i presenti diventano anche sospettati: il rapinatore il direttore la guardia giurata il ragazzino il produttore cinematografico il prete la receptionist la paziente la caregiver Ernest Cunningham. Ma dentro alla Huxley non c’è un unico ladro: più di una persona ha pianificato di rapinarla. Dieci furti. Dieci moventi. Chi sta rubando cosa? E chi è disposto a uccidere per raggiungere il proprio scopo? Leggi di più Leggi di meno
18;Maschiacci e femminucce. Il rosa, l'azzurro e altri stereotipi di genere che non esistono in natura;Fondazione Giulia Cecchettin;https://www.ibs.it/maschiacci-femminucce-rosa-azzurro-altri-libro-fondazione-giulia-cecchettin-irene-biemmi/e/9788817203258;"Descrizione Attraverso ricerche, studi pedagogici, albi illustrati, libri di testo, pubblicità e programmi televisivi, l'autrice invita genitori, educatrici, educatori e insegnanti a osservare con occhi nuovi i messaggi che l'infanzia riceve ogni giorno. Ricordando a tutti noi che gli stereotipi non limitano soltanto le bambine, ma imprigionano anche i bambini, restringendo per tutti e tutte le possibilità di esprimere emozioni, desideri, talenti e aspirazioni. Perché educare alla parità non significa cancellare le differenze, ma offrire a ogni bambina e a ogni bambino la libertà di crescere senza copioni prestabiliti e senza sentirsi sbagliati per ciò che sono. Che cosa vedono i bambini e le bambine quando ci osservano? Vedono chi prepara la cena, chi svuota la lavatrice, chi rimette in ordine e chi li consola dopo un brutto sogno. Vedono, osservano e imparano. ""Prima ancora che attraverso le parole, i bambini imparano attraverso gli esempi"". Che siano invenzioni culturali come il rosa e l'azzurro o consuetudini sociali come la divisione fra lavori di cura e d'ingegno, è importante riflettere sui modelli culturali che offriamo e che non sempre coincidono con i valori che dichiariamo di sostenere. Perché gli stereotipi alimentano i pregiudizi, e i pregiudizi possono trasformarsi in discriminazione e violenza. E se la famiglia è il luogo dove costruiamo le nostre idee su ciò che significa essere donne e uomini, la scuola è il banco di prova dove queste idee possono consolidarsi. Tocca quindi a noi adulti ""disimparare gli stereotipi"". Ma è un lavoro complesso, faticoso e tutt'altro che spontaneo perché ""stare dentro le aspettative sociali è più semplice che uscirne"" spiega Irene Biemmi. Leggi di più Leggi di meno Argomenti Educazione infantile Sessismo"
19;Biologia e genetica. Manuale conforme al Syllabus per il semestre filtro 2026-2027. Con assistente virtuale;R. Alessandro;https://www.ibs.it/biologia-genetica-manuale-conforme-al-libro-vari/e/9788836232567;"Descrizione Il testo è stato progettato e strutturato affinché lo studente possa acquisire, comprendere e assimilare con facilità i concetti fondamentali della Biologia e della Genetica. Gli argomenti scientifici sono presentati secondo una progressione logica e coerente in 7 Unità didattiche, con uno stile chiaro che favorisce la comprensione mantenendo il necessario rigore metodologico e scientifico. I contenuti sono arricchiti da una ampia iconografia e da approfondimenti consultabili tramite i QR code presenti nel testo. Da oltre 20 anni è il testo che accompagna le matricole di medicina nello studio della biologia. La nuova edizione nasce da una revisione finalizzata all'aggiornamento al nuovo syllabus di Biologia e Genetica previsto per il semestre filtro 2026-2027, con l’obiettivo di offrire agli studenti uno strumento rispondente alle nuove esigenze didattiche. Eventuali argomenti, inseriti per completezza di trattazione e non esplicitamente presenti nel syllabus sono chiaramente indicati. Inclusi con il testo: un software online con migliaia di Quiz di Biologia; Eddie, il tutor virtuale EdiSES basato sull’intelligenza artificiale, che semplifica la tua preparazione. Con i QR Code presenti all'interno del volume accedi alla piattaforma dei contenuti digitali e usi l'IA mentre studi: quiz e flashcard per fissare i concetti, simulazioni per allenarti alla prova d'esame, sintesi dei capitoli e risposte immediate ai tuoi dubbi e domande a completamento. Eddie valuta anche i tuoi progressi capitolo per capitolo: sai subito dove sei forte e dove insistere, e arrivi agli esami del semestre filtro davvero preparato. Leggi di più Leggi di meno Argomenti Semestre Filtro"
20;Chimica e Propedeutica Biochimica. Manuale conforme al Syllabus per il semestre filtro 2026-2027. Con assistente virtuale;F. A. Bettelheim;https://www.ibs.it/chimica-propedeutica-biochimica-manuale-conforme-libro-vari/e/9788836232635;"Descrizione Il testo, che integra i concetti base di Chimica Generale, Chimica Organica e Propedeutica Biochimica, è progettato per studenti con preparazione iniziale limitata e accompagna progressivamente l’apprendimento fino ai contenuti più avanzati, in linea con gli obiettivi delle scienze biomediche. Il manuale risponde puntualmente alle nuove esigenze didattiche e contenutistiche previste e costituisce uno strumento di indispensabile supporto per gli studenti che devono preparare l’esame di Chimica e Propedeutica Biochimica durante il semestre filtro 2026 – 2027.Punti di Forza: Approccio integrato e progressivo: dai concetti fondamentali alla biochimica, in un percorso coerente e graduale. Supporto all’apprendimento: strategie di risoluzione, box “Come fare”, riepiloghi delle reazioni, glossario, problemi graduati e soluzioni. Collegamenti con la Chimica: applicazioni reali e interdisciplinari dei concetti trattati. Risorse digitali integrate: QR code per contenuti online supplementari. Iconografia: modelli molecolari, diagrammi e illustrazioni didattiche ad alta efficacia. Supporti didattici: inclusi con il testo un software online con migliaia di Quiz di Chimica; Eddie, il tutor virtuale EdiSES basato sull’intelligenza artificiale, che semplifica la tua preparazione. Con i QR Code presenti all'interno del volume accedi alla piattaforma dei contenuti digitali e usi l'IA mentre studi: quiz e flashcard per fissare i concetti, simulazioni per allenarti alla prova d'esame, sintesi dei capitoli e risposte immediate ai tuoi dubbi e domande a completamento. Eddie valuta anche i tuoi progressi capitolo per capitolo: sai subito dove sei forte e dove insistere, e arrivi agli esami del semestre filtro davvero preparato. Leggi di più Leggi di meno Argomenti Semestre Filtro"
21;Accogliere con gli albi illustrati. Educare alla pluralità nella Scuola dell'infanzia e nella primaria;Antonella Capetti;https://www.ibs.it/accogliere-con-albi-illustrati-educare-libro-antonella-capetti-sandra-minciotti/e/9791256031801;Descrizione Quando si parla di accoglienza a scuola, si pensa spesso ai primi giorni: attività, rituali e attenzioni per accompagnare bambine e bambini all’inizio di un nuovo anno. Ma l’accoglienza può essere molto di più. Questo libro invita a guardarla come un approccio che attraversa l’intero percorso scolastico, in cui insegnanti, bambine e bambini, costruiscono quel microcosmo chiamato scuola. Un luogo in cui crescere insieme, riconoscersi, trovare il proprio spazio e imparare a stare con gli altri. Accogliere significa anche incontrare le famiglie, con cui si condivide l'obiettivo di crescere e formare ragazze e ragazzi. Significa inoltre accettare e dare valore alla complessità, a punti di vista differenti, all’errore e alle sue possibilità. A guidare questo percorso gli albi illustrati, strumenti efficaci per immedesimarsi, porsi domande, riflettere, condividere. Leggi di più Leggi di meno
22;La vampira ossia la vergine d'Ungheria;Étienne-Léon de Lamothe-Langon;https://www.ibs.it/vampira-ossia-vergine-d-ungheria-libro-etienne-leon-de-lamothe-langon/e/9791282577007;"Descrizione Molto prima di Carmilla di Sheridan Le Fanu (1872), la letteratura gotica europea aveva già generato una vampira di straordinaria vividezza. Riscoperta di recente, e ora presentata per la prima volta in traduzione integrale, La Vampira ossia La Vergine d’Ungheria (1825) anticipa di quasi mezzo secolo il celebre racconto di Le Fanu e molte altre vampire, imponendosi come uno fra i testi pionieristici sul vampirismo. Nel 1815, il colonnello Édouard Delmont abbandona Parigi con la famiglia per rifugiarsi in un antico castello isolato nel Lauragais; crede di potersi lasciare alle spalle il passato, ma il passato non smette di perseguitarlo. Quando una misteriosa straniera, Alinska, si stabilisce nei pressi del suo maniero, la quiete della vita familiare comincia a incrinarsi. Bella, enigmatica e segnata da un destino oscuro, la giovane ungherese porta con sé un’ombra sovrannaturale che si allunga lentamente e inesorabilmente sui Delmont. Poco alla volta, la sua presenza causa un susseguirsi di eventi inquietanti, tragedie e lutti. Ma Alinska non è una semplice predatrice assetata di sangue: è lo strumento di una vendetta superiore, vittima, più che carnefice, di un terribile patto ultraterreno che nemmeno lei ha il potere di spezzare. Leggi di più Leggi di meno"
23;I convitati di pietra;Michele Mari;https://www.ibs.it/convitati-di-pietra-libro-michele-mari/e/9788806271978;"Descrizione Libro vincitore del Premio Strega 2026Libro vincitore del Premio Strega Giovani 2026 Al primo posto della classifica di qualità dell'Indiscreto 2026 - Sezione Narrativa Un patto tra ex compagni, una roulette col destino: ogni 22 luglio si brinda al futuro sperando che tocchi agli altri. Non si sfugge al passato, perché non è dietro di noi ma dentro. «Le angoscianti cene di classe. Mari e la sua perfida commedia.» - Beppe Cottafavi, Domani «Con il gusto divertito per la deformazione, Mari carica la realtà inchiodando ogni personaggio a una stranezza; a una passione totalizzante; a un vizio; a una nomea.» - Cristina Taglietti, La Lettura Davvero il destino di ciascuno di noi è già scritto? È questo che pensano gli ex alunni della III A quando, superato l’esame di maturità, siglano il «patto sciagurato» che li vincolerà fino all’ultimo giorno. Del resto il tempo della scuola è l’unico a rimanere immobile: anche dopo trent’anni non saranno le rughe o i chili in più a contraffare la sagoma di un vecchio compagno di banco. Ma quando di mezzo ci sono il demone della competizione e il miraggio di un premio favoloso le variabili si moltiplicano. E così un accordo nato quasi per scherzo si tramuta in una sfida senza esclusione di colpi per rimanere in vita il più possibile. Michele Mari ha scritto un romanzo commosso e giocoso, svelando con perfido divertimento le pulsioni che si nascondono dentro l’amicizia. Perché in questa storia, prima di un imprevedibile finale, vale il contrario di quanto recita il proverbio: chi perde un amico trova un tesoro. 22 luglio 1975: la data fatidica in cui una classe del liceo, festeggiando con una cena il primo anniversario dell’esame di maturità, decide di stipulare un accordo di sangue e denaro. Ognuno dei trenta ex alunni verserà tutti gli anni una cifra, e il capitale sarà investito in modo da generare – col trascorrere dei decenni – un’autentica fortuna. Il meccanismo è semplice: la riffa terminerà quando saranno rimasti in vita soltanto tre compagni di classe, e a quel punto i superstiti potranno godere del montepremi… Ma i rancori sopiti, gli amori taciuti, le promesse e le invidie nate sui banchi di scuola s’infiammano un anno dopo l’altro. E quando ogni 22 luglio si rivedranno a cena, si informeranno dei malanni altrui per prevedere il prossimo di loro che passerà a miglior vita. Fino a trasformare i protagonisti di questa storia in giocatori seduti al tavolo di un’immaginaria roulette, «per i quali indovinare un numero significa desiderarlo, se non altro per poter continuare a giocare». E si sa che ogni gioco ha le sue regole e i modi per aggirarle: scommesse clandestine, tresche, sospetti, tentativi di omicidio, improbabili macumbe e soprattutto il Caso, che agisce scompigliando anche il piano meglio architettato. Michele Mari, mai così divertito e divertente, segue i suoi personaggi fino al 2050 e oltre, grazie a un ingranaggio affabulatorio che inchioda il lettore alla pagina. Del resto tutti noi abbiamo vissuto la singolare ambiguità delle cene di classe, fatte di momenti prodigiosi in cui il tempo sembra essersi arrestato, anche se appena si scrosta la nostalgia quello che rimane è il disincanto di individui che poco hanno da spartire fra di loro. Senza rinunciare alle ossessioni che lo hanno fatto amare dal suo pubblico (i fumetti, il cinema, la mania tassonomica), questa volta Mari racconta la giovinezza, l’epoca in cui ci si crede immortali, e prendendo la rincorsa si sofferma a indagare le inquietudini della vecchiaia. Tra “Compagni di scuola” e “Final Destination”, un romanzo a orologeria, il cui ticchettare incessante riflette sul tempo a nostra disposizione. «Non si sfugge al passato, perché non è dietro di noi ma dentro». Proposto da Vittorio Lingiardi al Premio Strega 2026 con la seguente motivazione:«La scuola è un tempo fuori dal tempo, possiede il futuro delle nostre vite. Un’epoca che tutti vorremmo osservare, alcuni conservare, nella sua forma sospesa, apparentemente compiuta. La figura che sostiene il romanzo di Michele Mari è quella dei compagni di scuola, convitati di pietra al tavolo infinito degli amori e delle malattie, del denaro e dell’azzardo. Mari inventa una scrittura spietata capace di pietas, tempera ogni parola senza manierismo, gioca con i vocaboli e ci fa giocare con loro, fin dai cognomi dell’appello che, come quelli delle squadre di calcio, popolano in ritmo di lista o di cantilena le anamnesi delle nostre esistenze. Ossessivo e toponomastico, intrapsichico e filmografico, “I convitati di pietra” è un romanzo nero che si fa gioco del tempo che passa. Un libro comico e corale che sarebbe piaciuto a Carlo Emilio Gadda.» Leggi di più Leggi di meno"
24;Il ladro di zucche. Ediz. a colori;Alice Hemming;https://www.ibs.it/ladro-di-zucche-ediz-a-libro-alice-hemming/e/9788829608959;"Descrizione Una storia divertente, accompagnata da simpatiche e colorate illustrazioni: un’altra divertentissima avventura della coppia di amici più simpatica del bosco. Scoiattolo ha un sospetto! Questa mattina lui e Uccello hanno raccolto le loro cinque bellissime zucche. Cinque? Ma adesso sono quattro! … tre! … due! Anzi... una sola! Ma allora non c’è dubbio: c’è un ladro di zucche in agguato! Un libro illustrato per bambini dai 4 anni, esilarante seguito de ""Il ladro di foglie"", ""Il ladro di neve"", ""Il ladro di fiori"" e ""Il ladro di sole"" di Alice Hemming e Nicola Slater. Età di lettura: da 4 anni. Leggi di più Leggi di meno"
25;Il fantasma dell'Opera;Gaston Leroux;https://www.ibs.it/fantasma-dell-opera-libro-gaston-leroux/e/9788822786432;"Descrizione Edizione integrale Sono molte, a tutt'oggi, le riduzioni cinematografiche – la più bella e la più fedele quella del 1925 con Lon Chaney, la più recente quella diretta da Joel Schumacher, trasposizione del musical di Andrew Lloyd Webber – che hanno consacrato la popolarità di questa originalissima opera scritta da Leroux nel 1911. La storia dell'amore di Erik – costretto a nascondere le sue orrende fattezze dietro una maschera – per Christine, la giovane soprano tanto graziosa quanto inesperta, si svolge tutta nell'ambiente del teatro dell'Opera, che diviene alter ego del Fantasma, luogo che crea l'azione. Una macchina narrativa sapientissima consente a Leroux di tenere in perfetto equilibrio commedia, avventura, poliziesco e grand guignol; così che alla fine della lettura ci accorgiamo di essere stati catturati da una storia tanto carica di suggestioni quanto lineare ed emblematica. Introduzione di Vieri Razzini. Leggi di più Leggi di meno"
26;Gli anni in bianco e nero;Francesca Giannone;https://www.ibs.it/anni-in-bianco-nero-libro-francesca-giannone/e/9788842935759;Descrizione Dall'autrice di La Portalettere e Domani, domani . «Ho sentito dire che ogni storia è il racconto di qualcuno che arriva in un posto o di qualcuno che se ne allontana. Non so se è vero, o perlomeno se lo è sempre. Ho la sensazione che certi racconti comincino e finiscano con chi resta. Tutti gli avvenimenti che mi hanno portato qui, ora, al binario numero tre, narrano di una storia iniziata con quattro ragazze che erano sempre state lì, in un mondo in bianco e nero.» Nella sartoria della famiglia Elia, il tempo scorre al ritmo lento dell'ago e del filo, scandito dai divieti del padre, che teme la libertà delle figlie perché, nel Salento degli anni '60, come nel resto d'Italia, le donne devono restare al loro posto. Eppure, in quelle quattro ragazze, qualcosa preme per uscire: la musica ribelle di Giovanna, i romanzi di Jane Austen in cui Ada si rifugia, la volontà di Maria di non accontentarsi e, soprattutto, la sete di immagini di Mimì, la più giovane, che, dalla cabina di proiezione del Cinema Apollo, mentre vede i film di Fellini e Visconti, scopre che la realtà può essere montata diversamente. E decide che sarà lei a tenere la macchina da presa. Così, mentre tutt'intorno si accendono le lotte operaie e le occupazioni studentesche e si formano i primi gruppi femministi, dentro casa Elia si combatte una rivoluzione silenziosa per riuscire a chiamare per nome il desiderio e la violenza, il diritto al lavoro e quello al piacere. E Mimì filma tutto. Non cerca la bellezza, cerca la verità: riprende le sorelle che danno vita a un'impresa quasi impossibile, gli sguardi e i gesti impercettibili ma rivelatori, un matrimonio «normale» eppure pieno di incertezze. Con forbici e determinazione, realizza un film che nessuno le ha chiesto di girare. Perché raccontare è resistere. Perché raccontando si può cambiare la vita, la propria ma anche quella degli altri. Perché tutti noi abbiamo vissuto anni in bianco e nero con la speranza di farli diventare un film a colori. Leggi di più Leggi di meno
27;Pecorelle smarrite;Madeline Cash;https://www.ibs.it/pecorelle-smarrite-libro-madeline-cash/e/9791256240357;Descrizione Miglior libro dell’anno per il New York Times Arrivano i Flynn, una delle più irresistibili famiglie del nostro tempo di matrimoni aperti, amori virtuali e… pecorelle smarrite. «Ho riso dall’inizio alla fine… C’è più arguzia e inventiva in una sola frase di Madeline Cash che in moltissimi libri.» - Eric Puchner, New York Times «Un esordio coinvolgente, capace di raccontare – con intelligenza e ironia – una verità universale: la normalità di una famiglia disfunzionale.» - Sunday Times «Madeline Cash ha una voce unica, inconfondibile.» - Lena Dunham «Una voce nuova, brillante e inconfondibile nel panorama della narrativa letteraria americana: dirompente, esilarante, provocatoria e sorprendentemente sensibile.» - Megan Nolan Nella città affacciata sull'Alabaster Harbor, lo scalo principale dell'intera costa occidentale, Bud e Catherine conducono la loro vita coniugale di coppia aperta. Bud ha un decente lavoro di contabile al porto che gli concede una perenne abbronzatura e uno stipendio sufficiente a mantenere la famiglia. Gli capita, però, spesso di ripensare allo strambo “accordo” che lo lega a sua moglie, allora si rifugia nel suo minivan ad ascoltare vecchie canzoni e a meditare sull'angoscia di vivere. Catherine, ex artista, non esita, invece, a concepire il loro matrimonio aperto come “una scappatoia morale, uno sfogo creativo nell'immensità della monogamia”. In realtà di creativo nel loro rapporto, secondo padre Andrew, il prete della chiesa locale che pure si professa progressista, c'è solo che possono liberamente infliggere dolore a sé stessi e alla loro prole. Bud e Catherine Flynn hanno, infatti, tre figlie, tre piccole pecorelle smarrite. Abigail, diciassettenne, è carina come la protagonista di una soap opera cristiana, ma, con grande preoccupazione di Catherine, riversa le sue attenzioni su un ventenne, soprannominato “Wes Crimini di Guerra”, affetto da una malattia autoimmune al colon. Louise, quindicenne, ha una relazione virtuale concordialisaluti, un ragazzo canadese conosciuto in una chat room per figli di mezzo. Harper, dodicenne, è irrequieta, intelligente, studia lingue straniere e ritiene che il mondo non sia altro che una serie di codici risolvibili. Curiosando, non per malizia ma per noia, nelle mail di lavoro di suo padre, Harper scopre un giorno che alcuni carichi che transitano per il porto di Alabaster non sono completamente contabilizzati. Piccola Giovanna d'Arco, testarda nel suo rifiuto di accettare le cose così come sono, Harper trascina l'intera famiglia in una bizzarra e pericolosa avventura. Con il suo irresistibile humour e la sua impeccabile ironia, Madeline Cash offre un ritratto indimenticabile della vita sociale e familiare odierna, in cui le “Piccole donne” si sono trasformate in “Pecorelle smarrite”. Leggi di più Leggi di meno
28;Ci basterà mangiare il vento;Gianluca Gotto;https://www.ibs.it/ci-bastera-mangiare-vento-libro-gianluca-gotto/e/9788804807278;"Descrizione Ambientato tra Singapore e Torino, il nuovo romanzo di Gianluca Gotto è il racconto potente e sincero di un uomo che, dopo aver tentato in tutti i modi di tenere a distanza la vita - con la sua meravigliosa imperfezione e la sua preziosa e a volte dolorosa imprevedibilità -, scoprirà che stare bene può essere semplice come giocare a mangiare il vento. «Quella sera mi aveva insegnato una cosa: a godere delle cose piacevoli senza pensare che finiranno. Perché se la paura di soffrire dopo ti frena prima ancora di iniziare, allora la tua vita non può contemplare tramonti, viaggi, sogni, concerti, legami. Non può contemplare niente di ciò che finisce. E dunque non può contemplare niente di ciò per cui ha senso vivere.» Il protagonista di questo romanzo è cresciuto convinto che ""casa"" possa essere il posto più pericoloso al mondo e che non possa esistere amore senza paura e sofferenza. Ora però, dopo anni di vagabondaggio e di ricerca spirituale, vive a Singapore in un equilibrio all'apparenza perfetto: tai chi all'alba, lavoro da ghostwriter nei café della città, arrampicata in palestra. Conosce a memoria il Dhammapada e si comporta secondo i suoi principi, come un monaco fuori dal tempio. E quando il mondo cerca di turbarlo, si chiude nella sua stanza del vuoto e medita finché non ha lasciato andare ogni sentimento negativo. Sembra esserci riuscito, a tagliare il filo che lo legava alla violenza e al dolore della sua infanzia. Sembra aver spezzato il suo karma familiare, come gli aveva promesso un guru in un ashram indiano. Finché una notte, nell'ascensore di un hotel, incontra Giorgia. Impulsiva, disordinata, incapace di stare da sola, Giorgia rappresenta tutto ciò che lui ha voluto escludere dalla sua vita: le emozioni, il caos, il desiderio, le cose troppo umane, troppo vive. L'amore. E anche se quell'incontro finisce nel modo più inaspettato, nelle sue convinzioni si apre una crepa: a cosa serve dimenticare il dolore del passato se questo significa rifiutare di vivere il presente? Leggi di più Leggi di meno"
29;Threshing day. Ediz. italiana;Rebecca Yarros;https://www.ibs.it/threshing-day-ediz-italiana-libro-rebecca-yarros/e/9788820086626;Descrizione IN CONTEMPORANEA MONDIALE IL LIBRO PIÙ ATTESO DELL'ANNO. Leggi di più Leggi di meno
30;Mafia. Una storia globale;Ryan Gingeras;https://www.ibs.it/mafia-storia-globale-libro-ryan-gingeras/e/9788842834588;Descrizione In un presente in cui le organizzazioni criminali sono diventate più fluide, diffuse e ibride, spesso intrecciate con terrorismo e mercati finanziari legali, Mafia è un invito a riconoscerne la presenza secolare come una struttura plastica e resistente, capace di adattarsi a ogni contesto: una pece nera che da sempre penetra nelle crepe del potere, colmandone i vuoti fino a essere essa stessa a dettarne le scelte. Prefazione di Roberto Saviano. Dalla nascita di camorra e Cosa Nostra nel Sud Italia postunitario alle triadi cinesi sorte dal collasso della dinastia Qing, fino alla proliferazione dei cartelli del narcotraffico in Messico, Mafia racconta i tre secoli di vita della criminalità organizzata come una storia unitaria e globale: la sua ascesa, il suo consolidamento, le sue metamorfosi. Una narrazione che attraversa le epoche e i continenti rivelandoci in che modo queste organizzazioni malavitose siano sempre state lo specchio delle società che le hanno generate. Ryan Gingeras ci mostra i meccanismi nascosti delle mafie mondiali, spiegandoci come esse non emergano mai in un vuoto storico, ma si innestino su crisi e rivolgimenti decisivi. Le mafie sfruttano le restrizioni normative, come quella del proibizionismo americano che trasformò il boss di quartiere Al Capone in un’icona globale del crimine. Talvolta, è lo stesso potere ufficiale ad alimentarle per il proprio tornaconto – è il caso della yakuza giapponese, utilizzata come pedina anticomunista nel secondo dopoguerra. La loro ambizione è sostituirsi allo stato, testarne i limiti e, nella loro espansione tentacolare, riscrivere di volta in volta i rapporti tra politica, violenza ed economia. Esaminando gangster diventati figure mitologiche – i fratelli Kray, John Gotti, Pablo Escobar, El Chapo – e film di enorme successo, Gingeras individua il fascino dell’immaginario legato alla mafia proprio nel suo dire apparentemente qualcosa di più rivelatore e vero della storia ufficiale. Leggi di più Leggi di meno Argomenti Camorra Mafia
31;Al paradiso delle signore. Ediz. integrale;Émile Zola;https://www.ibs.it/al-paradiso-delle-signore-ediz-libro-emile-zola/e/9788822783813;Descrizione Un romanzo che esplora lucidamente l'universo femminile, un testo che dà la misura del talento rappresentativo e dell'acutezza dello sguardo sociale del grande narratore francese. La vicenda della giovane provinciale Denise che, approdata timidamente a Parigi, riesce a evitarne le insidie e a domarne i mostri solo in virtù della sua integrità e della sua dolcezza, non ha nulla di edulcorato né di consolatorio: è invece, per energia di scrittura e profondità di analisi, il diagramma di un destino femminile che si realizza nel quadro di una società opulenta e spietata mantenendo intatti la sua dignità e il suo spessore. Introduzione di Mario Lunetta. Leggi di più Leggi di meno
32;Kolchoz;Emmanuel Carrère;https://www.ibs.it/kolchoz-libro-emmanuel-carrere/e/9788845941009;"Descrizione Guarda il video di presentazione! «Da piccolo ho amato mia madre come non ho amato e non amerò mai nessuno in vita mia». «Kolchoz è un libro magistrale. Il libro di un narratore virtuoso al culmine della propria arte, capace di destreggiarsi, divagare e dissertare con magnetica naturalezza per dare al suo racconto l’andamento di una sinfonia in cui i diversi movimenti si rispondono, si completano, si prolungano senza fine» - Le Nouvel Observateur «Non è un romanzo. Non è un saggio. È Carrère. Nostra prima persona singolare, a raccontare la racine, l'origine del suo mondo: la madre, il padre, la genealogia famigliare cominciando dall'epoca in cui i vecchi erano bambini e i bambini erano ancora pensieri di futuro.» - Marco Missiroli, La Lettura Ci sono stati, nell'infanzia di Emmanuel Carrère, momenti di memorabile beatitudine: quelli in cui, in occasione dei viaggi del padre, a lui e alle due sorelle minori era concesso di trasferirsi nella camera dei genitori. «Marina, che era la più piccola, dormiva nel lettone. Nathalie e io portavamo i nostri materassi o semplicemente mettevamo dei cuscini intorno al letto. A questo rito mia madre aveva dato un nome: fare kolchoz. Ci piaceva da morire fare kolchoz». I tre fratelli, ormai più che adulti, ripeteranno quel rito nella camera di un hospice, raccogliendosi attorno alla madre per trascorrere con lei l'ultima notte della sua vita. Sarà proprio Emmanuel a chiuderle gli occhi; e poco tempo dopo inizierà la stesura di questo libro. Che è al tempo stesso il grande «romanzo familiare» in cui Carrère, da quel formidabile narratore che è, ricostruisce la storia – perigliosa, tormentata, avvincente come una saga – delle due famiglie da cui discendeva sua madre, quella russa e quella georgiana; il racconto di come la povera, orgogliosa Hélène Zourabichvili dal cognome impronunciabile sia diventata la più influente storica francese dell'Unione Sovietica prima e della Russia poi, fino a essere eletta segretaria perpetua dell'Académie française; e una struggente dichiarazione d'amore per questa donna dura, autoritaria, avida di riconoscimenti accademici e mondani, ma anche coraggiosa, tenace, generosa, di cui il figlio non nasconde ombre e asprezze, rendendole l'omaggio più esaltante che uno scrittore possa tributare alla propria madre: trasformarla in uno strepitoso personaggio romanzesco. Leggi di più Leggi di meno"
33;First lady per caso;Felicia Kingsley;https://www.ibs.it/first-lady-per-caso-libro-felicia-kingsley/e/9791224206385;Descrizione Dall’autrice del bestseller Due cuori in affitto «Queen Felicia resta lì dove l’avevamo lasciata, sulla vetta assoluta.» - Robinson - la Repubblica «Con Felicia Kingsley il romance si prende il suo spazio.» - Sette - Corriere della Sera «Un fenomeno editoriale.» - Vanity Fair Nathan Edgerton ha tutto: un cognome storico, un sorriso da copertina e una dinastia repubblicana alle spalle che punta dritto alla Casa Bianca. Ma c'è un problema: il partito è in macerie e Nate è l'unico candidato rimasto a raccogliere i cocci di una sconfitta annunciata. Nicole Clark, deputata democratica dagli ideali taglienti e la lingua ancora più affilata, non potrebbe esserne più felice. Per anni ha fatto di Nate il bersaglio preferito dei suoi attacchi, rendendogli la vita nei corridoi di Washington un inferno. Ma il destino ha un crudele senso dell'umorismo: tradita dai suoi stessi alleati che la ritengono “ingestibile”, Nicole si ritrova all'improvviso fuori dai giochi. Quando un equivoco trasforma i loro scontri a Capitol Hill in un infuocato gossip su una “storia segreta”, i media vanno in delirio. Per Nate, i cui elettori non accetterebbero mai un candidato single, è la scialuppa di salvataggio. Per Nicole, è la chance per riprendersi la scena e vendicarsi di chi l'ha esclusa. Il patto è semplice: fingere di essere la coppia più innamorata d'America fino alle elezioni. Cosa può andare storto? Nulla, se non che, durante la campagna elettorale itinerante, tra hotel di lusso e cene di gala, il confine tra strategia e desiderio inizia a farsi molto sottile. In politica, la regola d'oro è non lasciarsi mai coinvolgere, ma come si fa quando il tuo peggior nemico è l'unica persona che ti conosce davvero? Leggi di più Leggi di meno
34;L'occhio fantasma;Amitav Ghosh;https://www.ibs.it/occhio-fantasma-libro-amitav-ghosh/e/9788806267858;Descrizione Calcutta, 1969. Quando la piccola Varsha, tre anni, racconta di aver avuto un'altra vita - una casa di fango sulla riva del fiume, un'esistenza di cui nulla dovrebbe sapere - la famiglia Gupta è sconvolta. Cinquant'anni dopo, Dinu, narratore di questa storia, decide di indagare sul mistero della presunta reincarnazione di Varsha, senza immaginare che la ricerca finirà per intrecciarsi alla sua vita. Con questo romanzo formidabile, Amitav Ghosh ci invita a guardare il mondo con occhi diversi: forse solo attraverso uno «sguardo fantasma» possiamo ancora sperare di salvarlo. «Lo scrittore indiano esce con una storia magica un cui torna la crisi ambientale.» - Telmo Pievani, La Lettura Calcutta, 1969. Nella sontuosa dimora dei Gupta succede l'impensabile: Varsha, la piccola di casa, si rifiuta di mangiare quello che c'è in tavola, vuole a tutti i costi riso e pesce. Peccato che i Gupta siano vegetariani e che, fra quelle mura, di pesce non se ne sia mai visto. Interrogata sulle cause di quella voglia imperiosa, Varsha dà una risposta ancora piú sorprendente: la sua vera casa non è quella, ma una capanna di fango lungo il fiume. Lei era abituata a pescare in uno stagno là dietro e a cucinare il pesce. Allarmati, i Gupta chiamano a consulto il pediatra Monty Bose e sua moglie Shoma, una psicologa che ha già esperienza con bambini che ricordano vite precedenti. Si apre cosí un'indagine appassionante, a colpi di indovinelli e ricette culinarie, nella memoria di Varsha, un'indagine che sconvolgerà le certezze di Shoma e aprirà orizzonti molto piú ampi. Brooklyn, 2020. Nell'isolamento della pandemia, il narratore Dinu, nipote di Shoma, si mette a scavare nei propri ricordi d'infanzia per soddisfare le richieste di Tipu, un giovane amico che si è messo sulle tracce di Varsha Gupta. Tipu è nelle Sundarban, sull'isola di Lusibari, dove si occupa di un'Ong e cerca di sventare le mire predatorie di una potente società energetica. Per ritrovare Varsha, però, deve carpire un segreto sepolto in profondità nel passato di Dinu. In questo nuovo libro Amitav Ghosh trova il punto di equilibrio perfetto tra materia romanzesca e critica ambientalista, dando vita a una storia toccante che affronta magistralmente la brutale realtà senza rinunciare alla consolazione della speranza. Leggi di più Leggi di meno
35;Storie di fantasmi. Con le Lettere a Miles di Paul Auster;Siri Hustvedt;https://www.ibs.it/storie-di-fantasmi-con-lettere-libro-siri-hustvedt/e/9788806271510;Descrizione «Scrivere è il mio modo per continuare a parlare con lui». Con le lettere inedite di Paul Auster al nipotino Miles. «Quando ho visto il giaccone di pelle foderato in montone che aveva comprato anni prima in Argentina, l'ho tolto dalla gruccia e ho affondato il viso nella pelliccia. Speravo di annusare lui, invece ho sentito solo odore di pelle e di chiuso, niente di umano.» «Arriva in Italia il memoir (ma in realtà è una composizione musicale) della narratrice: un atto d'amore verso il marito, un ricordo straziante verso il compagno di una vita.» - Alessandra Sarchi, La Lettura Il 30 aprile 2024 Paul Auster muore. Il mondo perde uno dei suoi piú grandi scrittori, Siri Hustvedt il compagno di una vita. Quando il dolore spariglia le carte, non resta che affidarsi alla sobria tenacia dei ricordi: cosí, all'esistenza condivisa subentra un dialogo postumo, fatto di vecchi biglietti, e-mail e pagine di diario. E di un ultimo, inedito regalo: le sette lettere che Paul Auster scrisse a Miles, il nipotino appena nato, poche settimane prima di morire. Perché le storie di fantasmi, in fondo, sono sempre storie d'amore. A fine aprile 2024, Paul Auster muore nella sua casa di Brooklyn, circondato dagli affetti. Nella stessa casa, qualche giorno dopo, Siri Hustvedt comincia a scrivere un libro. Non lo scrive per scelta, ma per bisogno. Il bisogno di conservare sulla pagina qualcosa dell'uomo con cui ha condiviso quarantatre anni, ma soprattutto di fare i conti con un'assenza palpabile che sembra portare a compimento uno degli ultimi desideri di Auster: quello di essere un fantasma. Cosí, nel tempo sospeso del lutto, Hustvedt vacilla tra le allucinazioni e la memoria, e l'impossibile addio al compagno di una vita si traduce in un viaggio struggente e doloroso tra le istantanee del passato. Cuciti insieme, in un mosaico di ricordi, ci sono pagine di diario, una serie di e-mail da «Città del Cancro», in cui Siri aggiorna gli amici sullo stato di salute di Paul, ma anche il racconto dei loro primi incontri, le «cose orribili» che si sono trovati ad affrontare, la quotidianità semplice e commovente di due scrittori che mettevano su carta i loro sogni e se li leggevano ad alta voce sulle poltrone verdi del soggiorno. E poi c'è lui, Paul Auster o il suo fantasma, che ci regala le ultime trentacinque pagine della sua vita di scrittore: sette lettere indirizzate a Miles, il nipotino appena nato, col desiderio di mettere nero su bianco tutto ciò che non ci sarebbe mai stato il tempo di dire - sulla sua famiglia, l'America, la vita. È questo, il vero coup de théâtre, un dialogo postumo che rievoca il duetto di una vita: rieccoli, Siri e Paul, che ancora una volta ci insegnano che la scrittura, insieme all'amore, sa tenere sotto scacco persino la morte. Leggi di più Leggi di meno
36;Il giardino segreto. Ediz. integrale;Frances H. Burnett;https://www.ibs.it/giardino-segreto-ediz-integrale-libro-frances-h-burnett/e/9788822781253;"Descrizione Con questo romanzo, Frances Hodgson Burnett scrive forse il suo capolavoro: un libro che varca agevolmente i confini della children's literature, rivelandosi sorprendente per i lettori di ogni età. Pubblicato in volume nel 1911, ""Il giardino segreto"" è ormai entrato a buon diritto (grazie anche al cinema, che ne ha rinnovato la popolarità con la versione prodotta da Francis Ford Coppola e interpretata, fra gli altri, da Maggie Smith) fra gli “evergreen” della letteratura per ragazzi (e non solo) del XIX secolo. È la storia della piccola, “brutta” Mary Lennox, una bambina viziata, scontrosa e dispotica che, rimasta sola al mondo, viene mandata a vivere con uno zio, il nobile ed eccentrico Archibald Craven, in un antico castello in mezzo alla brughiera dello Yorkshire su cui sembra gravare una sorta di maledizione… Mary riuscirà pian piano a dirimere tutti gli enigmi che si celano nelle “cento stanze” di Misselthwaite Manor, scoprendo anche un misterioso giardino segreto che contribuirà in modo determinante a cambiare la sua vita e i suoi rapporti con gli altri. Leggi di più Leggi di meno"
37;Punto di partenza 1979-1996;Hayao Miyazaki;https://www.ibs.it/punto-di-partenza-1979-1996-libro-hayao-miyazaki/e/9788834621936;Descrizione Autobiografia d’artista, raccolta di saggi, interviste e aneddoti, Punto di partenza: 1979-1996 non è solo la cronaca della vita di un uomo i cui sogni sono diventati realtà, alimentando l’immaginario collettivo mondiale, ma anche un omaggio al potere del cinema e dell’animazione. «C'è in queste pagine di Hayao Miyazaki qualcosa di meraviglioso e misterioso, qualcosa di perfettamente atteso e al contempo sorprendente, proprio come in ogni suo film di animazione, o addirittura in ogni suo disegno.» - Alberto Infelise, La Stampa «È un archivio che diventa racconto, e che permette di vedere come si forma un autore mentre lavora.» - Tiziana Lo Porto, Il Venerdì «Quella che viene fuori è la voce di Miyazaki, che nel corso degli anni è stato tutto e il contrario di tutto. Dice che l'animazione permette di lavorare con mondi che non esistono, di maneggiare l'improbabile e di rendere concreto l'impossibile.» - Gianmaria Tammaro, Rivista Studio Nei primi due decenni della sua carriera, il regista Hayao Miyazaki ha gettato le basi per un nuovo modo di concepire l’arte dell’animazione dando vita a storie e universi leggendari che lo hanno consacrato come uno dei più grandi maestri del cinema contemporaneo. Prima di dirigere capolavori come La città incantata, tuttavia, Miyazaki ha iniziato la sua carriera come animatore, con una personale filosofia artistica che più volte lo ha portato a scontrarsi con quell’industria dell’intrattenimento che, alla ricerca del successo a qualunque costo, spesso soffoca la creatività e l’originalità. Questo, però, non ha mai impedito al maestro giapponese di portare avanti le sue innovative teorie sull’animazione e di fondare il leggendario Studio Ghibli. Leggi di più Leggi di meno Argomenti Cinematografia giapponese Studio Ghibli (società)
38;Racconti di farina. Lievitati, ricette salate, biscotti, crostate e dolci da credenza;Althea Totonelli;https://www.ibs.it/racconti-di-farina-lievitati-ricette-libro-althea-totonelli/e/9788858056851;Descrizione Dalla sapienza e dalla professionalità di Althea Totonelli, biscotti, crostate, lievitati, pani, brioche, focacce, torte da credenza e ricette salate: preparazioni che uniscono tradizione e creatività, pensate per accompagnare ogni momento della giornata, dalla colazione alla tavola delle occasioni speciali. Ci sono mani che conoscono il segreto degli ingredienti semplici. Bastano un pugno di farina, il profumo del lievito, un filo d'olio, un pizzico di sale e il tempo dell'attesa perché la magia accada. Sono mani sapienti, che da sempre intrecciano ricette e storie. Racconti di farina nasce proprio da queste mani e dalla loro capacità di custodire la memoria attraverso il cibo. Tra ricette che profumano di casa e racconti che scaldano il cuore, ogni pagina celebra la bellezza delle cose semplici, il valore dell'attesa e il piacere di condividere. Dalle frolle fragranti ai biscotti della tradizione, dai lievitati preparati con pazienza alle torte da credenza che riportano all'infanzia, fino alle ricette salate pensate per ogni occasione, in queste pagine Althea Totonelli accompagna il lettore in un percorso fatto di sapori autentici, tecniche accessibili e piccoli segreti che rendono speciale ogni preparazione. Leggi di più Leggi di meno Argomenti Biscotti Focaccia Pane
39;Soltanto il giorno;Santina Cosetta;https://www.ibs.it/soltanto-giorno-libro-santina-cosetta/e/9791223232323;Descrizione Ispirandosi alla vera storia della sua bisnonna, Santina Cosetta firma un romanzo bruciante: una donna nata dal niente che impara a salvarsi salvando gli altri, un amore per la vita che travolge a ogni pagina. «C'erano madri che non sapevano amare. E figlie che imparavano a non chiedere nulla.» «Nelle pagine di questo romanzo c'è una cucina che è insieme cura e coraggio, ci sono frasi felici che fioriscono timide e potenti, c'è una Marianna che vi resterà nel cuore.» - Milena Palminteri «Santina Cosetta plasma un destino femminile nella Sicilia dura e disperata di fine Ottocento. La figlia di nessuno impara dalla strega la via del domani.» - Ursula Beretta, La Lettura L'amore non è una questione di sangue. È una scelta. Avola, 1885. Marianna viene al mondo senza che nessuno l'abbia cercata né voluta. Tutti la chiamano Cosuzza, “il nome delle donne che restano sole e tirano avanti lo stesso”, e viene affidata a Lisetta, la stria del paese, che le insegna i segreti delle erbe, della cucina, della cura. Insieme alla verità più preziosa: il cibo non serve solo a nutrire. L'infanzia dura un istante. Quando Lisetta parte per l'America, Marianna viene mandata a servizio all'Irminio, una grande masseria nelle campagne ragusane. Dietro quella porta si apre un mondo duro, governato da gerarchie antiche e regole che non si discutono, ma nell'enorme cucina rumorosa smette per la prima volta di sentirsi sola. All'arrivo dei villeggianti, i ricchi nipoti della baronessa, tutto cambia di nuovo: un'amicizia profonda come una radice, la scoperta di un corpo che vuole e che può, un amore capace di rompere ogni confine. E, mentre il destino prende pieghe sempre più imprevedibili, Marianna impara la cosa più difficile, volere qualcosa per sé. Anche quando farlo costa tutto. Leggi di più Leggi di meno
40;Cara Debbie;Freida McFadden;https://www.ibs.it/cara-debbie-libro-freida-mcfadden/e/9791224205074;Descrizione Dall'autrice del bestseller Una di famiglia Oltre 56 milioni di copie vendute nel mondo Debbie ha passato anni a dare consigli perfetti. Ora è arrivato il momento di seguire il suo miglior consiglio: vendicarsi. «La coraggiosa e irriverente Debbie è un’antieroina fuori da ogni schema, destinata a restare.» - Kirkus «I lettori che hanno amato Millie faranno subito il tifo anche per Debbie… La schiera sempre più vasta dei fan di Freida McFadden divorerà questo romanzo.» - Booklist «Questo thriller oscuro e ironico farà spuntare un sorriso malizioso sul viso di ogni lettore.» - Publishers Weekly Debbie Mullen sta perdendo il controllo. Per anni ha dispensato i suoi migliori consigli nella rubrica “Cara Debbie”, dove le mogli del New England scrivono cercando aiuto e comprensione. Grazie al suo lavoro, Debbie ha ascoltato i racconti di innumerevoli donne ignorate, sminuite e persino maltrattate dai loro mariti. E ha sempre cercato di guidarle verso la strada giusta. Fino a che una lettera, misteriosa e inquietante, non le fa mettere tutto in discussione perché rischia di disseppellire un passato che deve rimanere dimenticato. D'un tratto, la sua vita tanto ordinaria sembra andare in frantumi: perde il lavoro, le figlie adolescenti iniziano a comportarsi in modo strano e scopre che il marito le nasconde dei segreti… o almeno così pare dall'app che gli ha installato sul telefono. Stavolta Debbie ha deciso che essere “quella più matura” non fa per lei. Ha smesso di essere ragionevole e pratica. È ora di passare dai consigli all'azione e di far pagare il conto a chi se lo merita davvero. Leggi di più Leggi di meno
41;La città dei vivi;Nicola Lagioia;https://www.ibs.it/citta-dei-vivi-libro-nicola-lagioia/e/9788806253424;"Descrizione Un viaggio per le strade buie della città eterna, un'indagine sulla natura umana, sulla responsabilità e la colpa, sull'istinto di sopraffazione e il libero arbitrio. Su chi siamo, o chi potevamo diventare. «La letteratura, a differenza del cattivo giornalismo, non conosce mostri; il ""mostro"" è consolatorio, significa che noi umani non saremo mai cosí, e invece qui tutto è umano» – Walter Siti «Colossale e perturbante » – Daniel Verdú, El País Nel marzo 2016, in un anonimo appartamento della periferia romana, due ragazzi di buona famiglia di nome Manuel Foffo e Marco Prato seviziano per ore un ragazzo piú giovane, Luca Varani, portandolo a una morte lenta e terribile. Nicola Lagioia segue questa storia sin dall'inizio e mettersi sulle tracce del delitto significa anche affrontare una discesa nella notte di Roma, una città invivibile eppure traboccante di vita, presa d'assalto da topi e animali selvatici, stravolta dalla corruzione, dalle droghe, ma al tempo stesso capace di far sentire libero chi ci vive come nessun altro posto al mondo. Una città che in quel momento non ha un sindaco, ma ben due papi. Da questa indagine emerge un tempo fatto di aspettative tradite, confusione sessuale, difficoltà nel diventare adulti, disuguaglianze, vuoti di identità e smarrimento. Procedendo per cerchi concentrici, Nicola Lagioia spalanca le porte delle case, interroga i padri e i figli, cercando il punto di rottura a partire dal quale tutto può succedere. Leggi di più Leggi di meno Argomenti Omicidio Roma-Società"
42;Alice nel paese delle meraviglie. Ediz. integrale;Lewis Carroll;https://www.ibs.it/alice-nel-paese-delle-meraviglie-libro-lewis-carroll/e/9788822787781;Descrizione A oltre un secolo dalla sua pubblicazione, Alice, come romanzo e come personaggio, conserva ancora intatta tutta la sua freschezza, incantando non solo i più giovani ma anche gli adulti, che nel suo mondo meraviglioso scoprono un altro sé, pronto a sfidare ardui giochi linguistici, entusiasmanti trucchi psicologici, situazioni impossibili che mettono in discussione la realtà e svelano l’irresistibile fascino dell’assurdo. In un romanzo in cui la sospensione dell’incredulità è d’obbligo, il gusto del gioco non può essere dimenticato e va riscoperto con occhi che sappiano guardare al di là del consueto. Perché qui è l’essenza della vita, e forse tra i sogni segreti di tanti c’è proprio la tana di un coniglio bianco in cui perdersi, uno specchio al di là del quale riscoprire la bellezza della vita reale. È letteratura per ragazzi? È un libro da leggere punto e basta. Tra le molte riduzioni cinematografiche, è da ricordare quella di Tim Burton con Johnny Depp, Anne Hathaway e Helena Bonham Carter. Premessa di Simona Vinci. Introduzione e note di Paola Faini. Leggi di più Leggi di meno
43;Canzoni;Francesco Guccini;https://www.ibs.it/canzoni-libro-francesco-guccini/e/9788830155336;Descrizione Da «Radici» all’«Ultima Thule», passando per «Piccola città», «Autogrill», «Auschwitz», «Culodritto», «Un altro giorno è andato», «Farewell»: questo volume raccoglie più di cinquanta tra le canzoni più amate di Francesco Guccini, accompagnate da un commento molto speciale. A rileggerle insieme a noi è una filologa e studiosa di letteratura italiana, che facendo ricorso ai suoi ferri del mestiere ci mostra i segreti stilistici, ritmici, retorici nascosti in ogni verso e – grazie alla conoscenza profonda del cantautore e della sua esperienza artistica – illumina ogni riferimento oscuro presente nei testi. Con le note verso per verso e i ricchissimi commenti a ogni canzone, questo è un libro di poesia: ci svela come la sapiente tessitura poetica compiuta da Guccini contribuisca in modo fondamentale alla nostra emozione di ascoltatori. Con il commento filologico di Gabriella Fenocchio. Leggi di più Leggi di meno Argomenti Cantautori
44;Fisica generale e biomedica. Manuale conforme al Syllabus per il semestre filtro 2026-2027. Con assistente virtuale;Domenico Scannicchio;https://www.ibs.it/fisica-generale-biomedica-manuale-conforme-libro-domenico-scannicchio/e/9788836232598;"Descrizione Il volume di Fisica Generale e Biomedica è stato concepito per fornire agli studenti una solida preparazione nei principi fondamentali della Fisica, con particolare attenzione alle applicazioni in ambito biologico, medico e sanitario. L’esposizione, chiara e graduale, accompagna anche chi possiede conoscenze iniziali limitate verso la comprensione dei concetti più avanzati, favorendo l’acquisizione delle competenze richieste nei corsi di area biomedica. Il testo affronta in modo sistematico i principali argomenti della disciplina, integrando teoria, esempi applicativi e richiami ai fenomeni fisici di interesse biologico e clinico. Aggiornato alle più recenti esigenze didattiche e formative, il manuale rappresenta un valido supporto per la preparazione dell’esame di Fisica previsto nel semestre filtro, costituendo uno strumento efficace sia per lo studio individuale sia per il consolidamento delle conoscenze acquisite durante il percorso formativo. L’opera è arricchita da un’ampia iconografia e da Approfondimenti consultabili tramite QR-Code presenti nel testo. Inclusi con il testo, un software online con migliaia di Quiz di Fisica; Eddie, il tutor virtuale EdiSES basato sull’intelligenza artificiale, che semplifica la tua preparazione. Con i QR Code presenti all'interno del volume accedi alla piattaforma dei contenuti digitali e usi l'IA mentre studi: quiz e flashcard per fissare i concetti, simulazioni per allenarti alla prova d'esame, sintesi dei capitoli e risposte immediate ai tuoi dubbi e domande a completamento. Eddie valuta anche i tuoi progressi capitolo per capitolo: sai subito dove sei forte e dove insistere, e arrivi agli esami del semestre filtro davvero preparato. Leggi di più Leggi di meno Argomenti Semestre Filtro"
45;Pronti, attenti, buh! Ediz. illustrata;Elizabeth Baguley;https://www.ibs.it/pronti-attenti-buh-ediz-illustrata-libro-elizabeth-baguley-marion-lindsay/e/9788858015629;Descrizione Mezzanotte, è l'ora dei fantasmi! Anche Berto dovrebbe unirsi ai fantasmi più grandi per andare a infestare le foreste buie e i maestosi castelli. Ma ha paura del buio, dei lupi, dei serpenti, dei draghi e invece di un castello vorrebbe una casetta adatta a un fantasma piccolo come lui. Età di lettura: da 6 anni. Leggi di più Leggi di meno
46;L'albergo stregato. Ediz. integrale;Wilkie Collins;https://www.ibs.it/albergo-stregato-ediz-integrale-libro-wilkie-collins/e/9791224204008;Descrizione Traduzione di Umberto Ledda Edizione integrale Inafferrabili misteri e inganni criminali, nobiltà di natali e viltà d'animo, simulazioni e dissimulazioni, suspense e colpi di scena: pubblicato a puntate dal giugno al novembre del 1878, questo breve romanzo di fantasmi, che allo stesso tempo prefigura molti caratteri del giallo moderno, è l'ennesima prova dell'abilità compositiva di Wilkie Collins. Anche qui, come nel capolavoroLa donna in bianco, è una dama in difficoltà a dare l'avvio alla vicenda. «Vorrei sapere, se non vi dispiace, se corro il pericolo di impazzire». Con queste parole perturbanti una misteriosa Contessa si presenta alla porta dello stimato dottor Wybrow, londinese. Quale evento mette a rischio la sua salute? «Il primo fatto, signore, è che sono vedova», dice la sconosciuta. «Il secondo fatto è che presto mi sposerò di nuovo». L'intricata storia di questa signora dal fascino ambiguo si svolge per la maggior parte a Venezia, dove sorge l'albergo del titolo: un antico palazzo ristrutturato, le cui stanze (e in particolare la n. 14) sono state testimoni di azioni nefande. Ancora una volta, la minaccia del presente giungerà da un oscuro passato, perché il sangue chiama il sangue… Leggi di più Leggi di meno
47;Unfair play. Ultimo tempo;Carrie Leighton;https://www.ibs.it/unfair-play-ultimo-tempo-libro-carrie-leighton/e/9791259576521;Descrizione In esclusiva per Feltrinelli in omaggio con l'acquisto di questo libro 4 spillette Fably a tema Unfair Play .* Ogni segreto ha un prezzo. Ogni scelta, una conseguenza. Il tempo dei giochi è finito. «Il problema di ottenere ciò che si desidera è che, una volta che lo si ottiene, si vive nel timore di perderlo». Dopo anni di esitazioni, Leila Collins e Vincent Rise hanno finalmente deciso di darsi una possibilità. Eppure, gli ostacoli che li frenavano sono tutt’altro che superati. Ethan Grant continua a trattenere Leila in una relazione ormai insostenibile, mentre Thomas, fratello iperprotettivo di Leila e migliore amico di Vincent, torna a Corvallis deciso a scoprire cosa si nasconda dietro i loro silenzi. Ma soprattutto, il senatore Callum Rise è determinato a difendere l’immagine impeccabile che ha costruito per sé e il futuro del figlio nell’nhl. E il passato di Leila non è qualcosa che trova posto nei suoi piani. Quando i segreti che lei avrebbe voluto tenere sepolti vengono alla luce, il rapporto tra lei e Vincent vacilla. Leila dovrà capire se fidarsi è un rischio che vuole correre per essere felice, e Vincent scoprirà che le sfide più difficili non si giocano sul ghiaccio. Perché il tempo decisivo non è solo quello di una partita: è il momento in cui scegli chi vuoi. *Operazione a premi valida fino a esaurimento scorte. Per il regolamento Clicca qui Leggi di più Leggi di meno
48;Murdoku. 80 omicidi misteriosi da risolvere con la logica. Il primo libro che unisce crime e sudoku;Manuel Garand;https://www.ibs.it/murdoku-80-omicidi-misteriosi-da-libro-manuel-garand/e/9791259578839;"Descrizione Il primo libro che unisce omicidi, logica e sudoku. La serie bestseller che sta mettendo alla prova amanti del crime e dell'enigmistica di tutto il mondo Risolvi questi 80 casi grazie al tuo ingegno. Completa la griglia avvalendoti di tutti gli elementi a tua disposizione: personaggi, stanze, mobili, animali, oggetti… Non trascurare nulla: ogni dettaglio potrebbe rivelarsi fondamentale per le indagini. Immergiti in ciascuno di questi scenari coinvolgenti, che uniscono i meccanismi familiari dei sudoku alle sfide dei giochi di logica, mentre ispezioni una banca, un casinò, un torneo di scacchi, un teatro dell'Opera... e tantissime altre scene del crimine! All'interno di questo libro troverai: 80 coinvolgenti casi di difficoltà crescente; Coloratissimi scenari a tema, per calarti nella situazione e farti sentire un vero detective sul campo; Una lista di sospettati e una serie di indizi per collocarli sulla scena del crimine. Per posizionarli, segui la regola n°1 del sudoku: in ogni riga e colonna della griglia può esserci uno e un solo personaggio. Sta a te scoprire dove ogni potenziale colpevole si trovava al momento del delitto! Identifica l'assassino scoprendo chi è l'unica persona nella stessa stanza con la vittima. Leggi di più Leggi di meno"
49;Una splendida rovina;Vincenzo Latronico;https://www.ibs.it/splendida-rovina-libro-vincenzo-latronico/e/9788806270995;"Descrizione «Con Una splendida rovina [Latronico] conferma di avere una lucidità prodigiosa nel raccontare i suoi tempi, la sua gente, l'Occidente; cioè tutte cose splendide, tutte rovinate, tutte da ricostruire.» - Nicola H. Cosentino «Eccoci lí, coi bicchieri di plastica colmi di champagne scadente: due cittadini smilzi, sbigottiti ed entusiasti, appena innamorati, divenuti proprietari di una casa senza finestre, col tetto rabberciato e i soffitti crollati, una splendida rovina di milleduecento metri quadri al limitare di S., centonovanta abitanti. Ora centonovantadue». Dopo il grande successo internazionale de Le perfezioni , Vincenzo Latronico torna a raccontare gli slanci e gli autoinganni di chi, già adulto, è ancora in cerca del proprio posto nel mondo. «Latronico è tagliente e implacabile: cogliendo il ridicolo delle abitudini mentali e delle convenzioni sociali del nostro tempo, mette in scena qualcosa di universale sulle ansie di ogni generazione». «The Washington Post» Due trentenni si incontrano, si innamorano, e in quello slancio decidono di inseguire un sogno: cambiare vita, lasciare la città per trasferirsi in un villaggio di campagna. La loro ricerca li porta in Francia, poi sulle coste del mar Baltico, dove ristruttureranno una splendida casa in rovina e insieme le loro vite. O almeno ci proveranno, gettando il cuore oltre l’ostacolo con l’ottimismo e l’energia di un amore appena nato. Ma questa storia ha un’altra versione: due trentenni si sentono alla deriva, in città troppo care, facendo lavori per cui non provano piú la passione di un tempo. Sono in cerca di una via d’uscita e la trovano l’uno nell’altra, e in una fantasia campestre nata dalle ore passate sui social e sui siti di annunci immobiliari, a vagheggiare casolari in pietra e campi di grano. Piú che un sogno, inseguono una follia a due; e ciò che li aspetta – mezze truffe, ripensamenti improvvisi e imprevisti prevedibilissimi – è anche una parabola graffiante sul fatto che chi getta il cuore oltre l’ostacolo deve essere certo di avere buona mira. Una splendida rovina racconta entrambe queste storie, ma anche la nostra impossibilità di distinguere fra le due. Stiamo inseguendo davvero un sogno o si tratta di una chimera? Stiamo correndo verso qualcosa o ne stiamo scappando? Con una scrittura vibratile ed esatta, magnetica, Vincenzo Latronico scandaglia le speranze, le disillusioni e la voglia di fuga che da sempre accompagnano l’ingresso nell’età adulta. Col passare del tempo, quell’idea di futuro diventerà sempre piú una chimera. La domanda è se lo fosse dall’inizio, e se provarci valesse comunque la pena. Leggi di più Leggi di meno"
50;L'eremo dei folli;Agnese Messina;https://www.ibs.it/eremo-dei-folli-libro-agnese-messina/e/9788811016496;Descrizione Agnese Messina ha iniziato a fantasticare su June McFlynn, l’indimenticabile protagonista di questo esordio, mentre studiava entomologia forense. Un personaggio capace di vedere i dettagli minimi, quasi trascurabili, che non sempre riusciamo ad afferrare, ma che decidono la nostra vita. È così che arriva alla verità e alla giustizia. Forse questa è anche la strada della sua salvezza. Mi chiamo June McFlynn e sono un’entomologa forense. La scienza non è soltanto il mio lavoro: è il mio modo di stare al mondo. Garantisce ordine e giustizia, tutto ciò che la vita intorno a me non possiede. Lo studio delle cose piccole mi permette di tenere a bada un mondo troppo grande per me, a cominciare dalla Sicilia assolata e tormentata che mi circonda, dove ancora mi chiamano «l’americana», come se non fossi nata e cresciuta qui. Nel mio lavoro non ho paura di sporcarmi le mani: ho imparato fin da bambina che il nostro destino non si decide nelle grandi imprese, ma nei dettagli. E so che la natura nasconde le risposte che cerco: terriccio, insetti, foglie, frammenti di vita che si fanno prove. Essere una donna in questo campo non è semplice. Ogni giorno devo dimostrare di meritare il ruolo di consulente del tribunale di Catania, espormi in prima persona, sfidare i pregiudizi. Ho sempre creduto che la scienza bastasse a tenermi al sicuro. Ma questa indagine è diversa da tutte le altre. Una madre e sua figlia scomparse nel nulla. Nessuna traccia, soltanto lo sgomento dell’assenza. E in quest’assenza riconosco qualcosa che credevo sepolto e che mi riempie d’angoscia. Io sono June McFlynn. Sono una donna di scienza e per me la verità è tutto. Eppure, ho un segreto inconfessabile. E dovrò affrontarlo. Leggi di più Leggi di meno
51;Ed è un poco la notte e un poco l'alba;Ilaria Tuti;https://www.ibs.it/ed-poco-notte-poco-alba-libro-ilaria-tuti/e/9788830463721;"Descrizione Con Ed è un poco la notte e un poco l'alba , Ilaria Tuti disvela la compassione nella barbarie, l'incontro nello scontro, l'esodo nell'invasione e, infine, la speranza nella tragedia. Racconta l'incontro tra due popoli che sulla carta dovevano sottomettere e soccombere, e che infine hanno imparato a conoscersi, trovando in ciascuno un riflesso dell'altro. E ci mostra che è possibile superare ciò che sembra insuperabile, sopravvivere allo sconvolgimento del proprio mondo, perdere ogni cosa e ricominciare. È possibile perché non lo ha fatto qualche eroe immaginario, lo hanno fatto i nostri anziani, continuando a cercare la vita dove sembrava essere rimasta solo cenere. «Un inno alla vita dove sembra esserci solo morte, alla comprensione dove c'è ostilità, alla speranza nella tragedia, alla ripartenza nella desolazione.» - Annachiara Sacchi, Corriere della Sera «Scappa, Serafina.» È con queste parole che l'anziano Geremia, in un pomeriggio caldo di sole, mi mette in allarme. Ma ancora non posso immaginare che questa terra sta per mutare volto e temperamento, forse per sempre. Nella Zona libera della Carnia, finora, la guerra è stata una tempesta distante, che ha strappato gli uomini dai nostri paesi ma non ha ancora lacerato del tutto gli animi. Quello in arrivo è però un vento nuovo e spaventoso, che soffia da Est e porta sconvolgimenti. E da oltre il grande fiume giungono infine carovane di cavalieri delle steppe, con copricapi di pelliccia e lunghe spade ricurve, che entrano nelle nostre case prendendone possesso. La nostra terra è la loro terra promessa, questa non è un'invasione ma un insediamento. Io, che da sempre abito un luogo di confine, chiamata a custodire i respiri e a evocarli; io, che da sempre ho in me il cuore delle donne che mi hanno preceduto e il soffio della donna che voglio essere; io vivo con sgomento questi giorni fatti di fuochi da campo accesi sulle assi dei pavimenti lustri, di animali riparati nelle cucine, di saccheggi e violenze. Ma vedo anche la meraviglia dei cammelli che pascolano nei campi, lo stupore fanciullesco degli invasori nel salire su una bicicletta, le danze russe nelle piazze, alla luce di antichi fuochi, le loro donne guerriere, i canti liturgici ortodossi, lo splendore delle icone. Io, che sono ombra, non posso più stare al liminare: devo farmi luce, in questa lunga notte, per trovare l'alba.» Leggi di più Leggi di meno"
52;La figlia;Clara Usón;https://www.ibs.it/figlia-libro-clara-uson/e/9788838929120;Descrizione Un romanzo sulla colpa, sull'amore filiale e sul peso della Storia. Clara Usón ricostruisce gli ultimi mesi di Ana Mladić, figlia del generale Ratko Mladić, intrecciando documentazione e invenzione narrativa. Il dramma privato di una giovane donna diventa così il punto d'accesso alla tragedia della guerra nei Balcani e a una domanda lacerante: fino a che punto possiamo sottrarci alle colpe dei nostri padri? Ana è una ragazza estroversa, allegra, brillante. È la migliore alunna del corso di medicina a Belgrado, è amata dagli amici, è l'orgoglio di suo padre, il generale Ratko Mladic, che lei ricambia con una devozione assoluta. Un viaggio a Mosca è l'occasione per passare alcuni giorni in giro per una grande città con il solo pensiero di divertirsi. Invece al ritorno Ana è cambiata. È triste e taciturna. Una notte afferra una pistola, quella a cui il padre tiene di più, e prende una decisione definitiva. Ha solo ventitré anni. Cosa è successo a Mosca, tra corteggiamenti e feste, in compagnia degli amici più cari? Nelle allusioni e nelle accuse dirette Ana ha intravisto nel padre una figura spaventosa. Quello che per lei è un eroe e un genitore premuroso, per tutti gli altri è un criminale responsabile dei maggiori eccidi del dopoguerra: l'assedio di Sarajevo, la pulizia etnica in Bosnia, il massacro di Srebrenica. Crimini che lo porteranno a essere accusato di genocidio, in un processo che dopo una lunga latitanza ha avuto inizio nel maggio 2012. Pochi casi come quello di Ana rivelano in tutta la sua oscura profondità una condizione, la perdita dell'innocenza, al tempo stesso individuale e collettiva. Leggi di più Leggi di meno Argomenti Guerra della ex-Jugoslavia Sarajevo
53;La signora di Wildfell Hall. Ediz. integrale;Anne Brontë;https://www.ibs.it/signora-di-wildfell-hall-ediz-libro-anne-bronte/e/9791224203988;Descrizione Traduzione di Martina Rinaldi Edizione integrale L'arrivo della vedova Graham nell'isolata e cadente dimora di famiglia, sperduta nella campagna inglese, è un evento per la piccola comunità di Wildfell Hall. Avvenente e ritrosa, la donna ha deciso di mantenere il massimo riserbo sul proprio conto, dedicandosi solo alla pittura e alle cure del piccolo figlio Arthur. Il suo atteggiamento dimesso, però, altro non fa che dare la stura a pettegolezzi e dicerie, e persino Gilbert Markahm, il giovane gentiluomo di provincia che dà la voce al romanzo, finisce per prestare credito alle malevole voci su di lei e rinuncia alla sua amicizia. Quali tremendi segreti nasconde Helen Graham? Direttamente dalle pagine del suo diario apprendiamo la sua travagliata e torbida storia: una storia che fa di lei un esempio di coraggio e determinazione, una vera e propria femminista ante litteram , un modello di forza d'animo e di indipendenza, ancor più rivoluzionario nel 1848, anno in cui fu pubblicato il romanzo, ma di grande attualità anche oggi. Leggi di più Leggi di meno
54;Nero come il mare;Charlotte McConaghy;https://www.ibs.it/nero-come-mare-libro-charlotte-mcconaghy/e/9791259678829;Descrizione Il thriller letterario che ha ammaliato pubblico e critica: un fenomeno editoriale internazionale da 700.000 copie vendute. «Se state cercando un thriller che si legga come un romanzo letterario di alta classe, non cercate oltre. Scritto con una prosa essenziale e perturbante, Nero come il mare presenta personaggi così ben delineati che vi sembrerà di essere bloccati con loro sull’isola di Shearwater». - Marie Claire «Al tempo stesso mystery avvincente, thriller psicologico e ode al mondo naturale scritta in modo squisito, Nero come il mare è un trionfo. McConaghy è magistrale nella sua abilità di mostrare le intricate connessioni tra la natura e il cuore umano, e in questo libro è al culmine delle sue capacità. Straordinario». - Hannah Kent «Un romanzo mozzafiato fatto di romanticismo, mistero e colpi di scena. Vi sconvolgerà… Adoro questo libro». - Reese Witherspoon «Affascinante, accattivante, con un ritmo serrato. Leggere questo romanzo incredibilmente evocativo e profondamente umano è come guardare le ultime persone sulla Terra mentre si preparano a lasciare una parte della loro anima nel posto più bello che abbiano mai conosciuto». - The Washington Post «In un'isola remota, una famiglia elabora il suo lutto. Che è anche quello del mondo: lì, infatti, si proteggono specie vegetali minacciate dalla crisi climatica. Charlotte McConaghy combina il gotico e i temi ecologici.» - Matteo Trevisani, La Lettura Dominic Salt e i suoi tre figli sono i custodi di Shearwater, una piccola isola non lontana dall'Antartide. Sede del più grande deposito di semi del mondo, Shearwater un tempo ospitava un gruppo di ricercatori, ma a causa dell'innalzamento del livello del mare ora i Salt sono rimasti soli. L'isolamento li ha messi a dura prova, ma un giorno una terribile tempesta porta con sé Rowan, una donna in fin di vita che viene trascinata sulla spiaggia dalle onde. Dominic e i suoi figli cominciano a prendersene cura, e in loro germoglia l'idea che lei potrebbe essere proprio ciò di cui hanno bisogno. Dal canto suo Rowan, abituata a badare a se stessa, inizia a immaginare di poter tornare a condividere il futuro con qualcuno. Eppure, non dice tutta la verità sul motivo per cui è arrivata a Shearwater. E quando scopre che le radio sono state sabotate e una tomba è stata scavata di recente, si rende conto che anche Dominic nasconde dei segreti. Mentre le tempeste che si abbattono sull'isola si fanno sempre più violente, i due sono costretti a prendere una decisione: possono fidarsi l'uno dell'altra? E possono finalmente lasciarsi alle spalle le tragedie del passato per creare qualcosa di nuovo, insieme? Leggi di più Leggi di meno
55;Nel bosco di Rogoredo. L'altra faccia di Milano. Storie di giovani e droga, di resistenza e umanità;Simone Feder;https://www.ibs.it/nel-bosco-di-rogoredo-altra-libro-simone-feder/e/9791281695610;Descrizione C’è un luogo, alla periferia di Milano, dove la città sembra non volere guardare. È il bosco di Rogoredo, una delle più grandi piazze di spaccio d’Europa. Ma per Simone Feder non è soltanto il simbolo della dipendenza, del degrado e della marginalità: è il posto in cui, da anni, ogni settimana lui sceglie di entrare. Qui associazioni e volontari cercano di sottrarre i tossicodipendenti a un futuro segnato e offrono aiuto concreto - cibo, vestiti, assistenza - ma soprattutto costruiscono relazioni, primo passo verso il cambiamento. È un cammino fatto di volti, mani tese, storie di cadute e inattese rinascite. Attraverso il racconto di giovani, madri, educatori e operatori, Feder restituisce dignità a un’umanità troppo spesso ridotta a cronaca o statistica. Accanto alle testimonianze, il libro ripercorre la storia delle droghe in Italia, analizza l’evoluzione delle dipendenze, mette in luce le fragilità del sistema di cura e indica percorsi possibili. Ne emerge una convinzione maturata sul campo: nessuna persona è davvero irrecuperabile finché qualcuno continua a cercarla. Nel bosco di Rogoredo invita a superare il giudizio e a riscoprire il valore dell’ascolto, della presenza e della responsabilità condivisa. Perché il bosco non è altrove, ma il riflesso di una società che a volte preferisce non vedere. Leggi di più Leggi di meno
56;Contro il fatalismo;David Foster Wallace;https://www.ibs.it/contro-fatalismo-libro-david-foster-wallace/e/9788806269968;Descrizione La celebre tesi di laurea in filosofia di David Foster Wallace. Un oggetto di culto, un regalo per i suoi tanti appassionati, ma anche un tassello fondamentale della sua opera: un testo che già prefigura i temi al cuore di romanzi come Infinite Jest e Il re pallido . Nel 1985 David Foster Wallace è uno studente universitario che decide di scrivere due dissertazioni finali, una in scrittura creativa l'altra in metafisica. La prima sarebbe diventata La scopa del sistema. La seconda sarebbe uscita solo postuma, e viene qui proposta per la prima volta in Italia. Si tratta di un saggio tanto breve quanto rivelatore che affronta criticamente l'idea del fatalismo, la posizione per cui il libero arbitrio è un'illusione. Un'argomentazione che il giovane Foster Wallace trova inaccettabile, soffocante e sbagliata. Con gli strumenti della logica, ma senza dimenticare una buona dose di sarcasmo, Wallace analizza e smonta pezzo a pezzo la dimostrazione dell'acclamato filosofo Richard Taylor, uno dei campioni del fatalismo, e, nel farlo, ci dona un po' di libertà e di speranza. Con un contributo inedito di Willem de Vries, relatore di tesi di David Foster Wallace. Leggi di più Leggi di meno Argomenti Libero arbitrio
57;Il tempo dell'orologiaio;Maurizio de Giovanni;https://www.ibs.it/tempo-dell-orologiaio-libro-maurizio-de-giovanni/e/9788807037375;Descrizione Un conto alla rovescia che non lascia scampo. Il libro che chiude la saga dell’Orologiaio di Brest. «Perché le storie, sapete, fanno così. Sembrano ferme, e invece prima o poi riprendono a girare.» - Corriere della Sera «Atto secondo dei misteri d'Italia. E con un ritmo ancora più indiavolato, senza sconti, ancora più difficile da abbandonare rispetto all'episodio precedente.» - La Repubblica «La narrativa dello scrittore partenopeo fluisce del resto generosa e già sembra ogni volta pronta per la tv e non solo [...], con l'acuto dosaggio di azione, suspense e colpi di scena: il tutto in un linguaggio veloce che non si cura troppo di selezionare, poniamo, l'aggettivazione e in genere il lessico, pur senza essere una mimesi del parlato.» - Mario Baudino, Tuttolibri Carlo Malavasi, nome di battaglia “Sergio”, è stato per oltre quarant’anni una primula rossa della lotta armata: latitante imprendibile, custode di segreti che nessuno dovrebbe conoscere. Mago degli esplosivi, signore dei congegni, ha costruito meccanismi perfetti, capaci di fermare il tempo nel punto esatto in cui la vita si spezza. A strapparlo alla copertura anonima dietro cui si è nascosto a Brest, in Francia, sono Andrea Malchiodi e Vera Coen. Andrea è un professore universitario, ordinario, metodico, cresciuto con una madre che gli ha raccontato per tutta la vita di un padre lontano, morto in mare. Fino al giorno in cui Andrea scopre che quel padre non solo è vivo, ma è un assassino. Vera, invece, è una giornalista ossessionata dalla morte del padre che non ha mai conosciuto, ucciso nel 1984 in un attentato. Vuole la verità, Vera. La vuole da sempre. Ma proprio quando sembra sul punto di afferrarla, la donna scompare nel nulla. E allora il tempo accelera. E deraglia. Carlo e Andrea iniziano la caccia. Con loro c’è Martina, figlia di Andrea e nipote di Carlo: carattere ruvido, troppo simile a quello del nonno. Un trio improbabile, costretto a muoversi in un’indagine senza tracce, e con poche certezze. L’unico appiglio è una pista polverosa che affonda nel passato. Per trovare Vera, Carlo dovrà cercare i compagni di un tempo, e scovare chi lo ha venduto – quarant’anni prima – a un oscuro centro di potere che proietta la sua ombra ovunque. Dovrà scivolare nelle pieghe di quel decennio che non passa, misurando quanto possano essere profonde le disillusioni, ostinata la fedeltà a un’idea ormai sconfitta, irrimediabile il tradimento e indelebile il dolore. Perché non si esce vivi dagli anni ottanta. Il tempo dell’orologiaio è il C’eravamo tanto amati dell’ultimo assalto al cielo, ed è Il grande freddo della lotta armata, popolato da fantasmi che nessuna riconciliazione può esorcizzare. Maurizio de Giovanni dà compimento all’universo narrativo nato con L’orologiaio di Brest , portando alla luce verità indicibili e segreti inconfessabili, in una lotta travolgente con un tempo che non assolve e che presto o tardi presenta il conto. Leggi di più Leggi di meno
58;Piccole donne;Louisa May Alcott;https://www.ibs.it/piccole-donne-libro-louisa-may-alcott/e/9788822773913;"Descrizione ""Piccole donne"" è il capolavoro di Louisa May Alcott, il romanzo che l'ha resa celebre e che ha conosciuto innumerevoli versioni cinematografiche (tra le quali spicca quella con Susan Sarandon e Wynona Rider). Conosciamo la famiglia March in un momento critico: ha subito rovesci economici e il padre è stato chiamato a partecipare alla guerra di Secessione; così le quattro figlie e la mamma restano sole ad affrontare piccoli e grandi problemi. La capricciosa Amy, la vivace Meg, la delicata Beth e soprattutto la ribelle e impulsiva Jo compongono un quartetto in cui diverse generazioni di lettrici si sono identificate e si identificano. Leggi di più Leggi di meno"
59;Ragione e sentimento. Ediz. integrale;Jane Austen;https://www.ibs.it/ragione-sentimento-ediz-integrale-libro-jane-austen/e/9788822776921;"Descrizione Un romanzo di un fascino e una vivacità irresistibili, che lo rendono ancora oggi un'opera di straordinario successo. ""Ragione e sentimento"" è imperniato sulle vicende sentimentali di due sorelle profondamente diverse tra loro: Elinor, la maggiore, segue i dettami della ragione; Marianne si abbandona agli impulsi del cuore. Il destino delle due protagoniste si gioca tutto in vista di ciò che era considerato l'evento principale della vita femminile: il matrimonio. La capacità di osservazione e l'arguto umorismo della Austen disegnano un ritratto acuto e penetrante di un mondo convenzionale e pettegolo, attento alle realtà più minute della vita quotidiana, refrattario a qualsiasi accenno di cambiamento. Nonostante l'aperta condanna del romanticismo, ritenuto un eccesso da evitare, proprio il personaggio della romantica e scriteriata Marianne, una delle figure più originali della Austen, conferisce a questo romanzo un fascino e una vivacità irresistibili, che lo rendono ancora oggi un'opera di straordinario successo. Leggi di più Leggi di meno"
60;Cime tempestose. Ediz. integrale;Emily Brontë;https://www.ibs.it/cime-tempestose-ediz-integrale-libro-emily-bronte/e/9788822776938;"Descrizione La passione che lega Catherine a Heathcliff, trovatello orgoglioso e ribelle, non le dà pace neppure dopo il matrimonio con il ricco Edgar Linton. Attorno a questo nucleo centrale si costruisce un romanzo d’amore che via via si rivela una tormentata vicenda di vendetta. Una straziante storia d'amore e passione in un classico senza tempo. È questa un'opera del tutto isolata nella tradizione narrativa inglese. In essa l'aspro realismo del quotidiano vive di misteriose e inquietanti tensioni onirico-simboliche e di cupe fiammate emotive, all'interno di una struttura narrativa di grande saldezza ed efficacia. Vi domina la figura di Heathcliff il quale, animato da una passione distruttiva, svolge nel libro la funzione ""fatale"" del vendicatore spietato, vero ""replicante"" di tante devastanti figure del gothic novel britannico; ma il suo tirannico porsi come l'inflessibile dark hero nasce da una disperata infelicità di fondo e lo porta a vivificare la propria morte con quella della donna amata, in una sorta di aspirazione erotico-panteistica che conferisce alla sua figura dimensioni assolutamente inedite. Leggi di più Leggi di meno"
61;Puoi. Ediz. a colori;Carmen Mateo;https://www.ibs.it/puoi-ediz-a-colori-libro-carmen-mateo/e/9788829608935;"Descrizione ""La vita merita di essere vissuta senza limiti per sentire, imparare e crescere. Puoi farcela. Perché il mondo è pieno di opportunità che non puoi perdere..."". Un libro illustrato per bambini dai 3 anni che incoraggia ad abbracciare le proprie emozioni e ad affrontare le proprie paure. Età di lettura: da 3 anni. Leggi di più Leggi di meno"
62;Miss Bee e l'inganno in prima classe;Alessia Gazzola;https://www.ibs.it/miss-bee-inganno-in-prima-libro-alessia-gazzola/e/9788830465015;Descrizione Miss Bee riparte...E il mistero ha prenotato un biglietto in prima classe Un viaggio in treno verso Parigi, deciso in fretta, per sottrarre la sorella Clara a una situazione ormai insostenibile: Miss Bee, alias Beatrice Bernabò, prepara le valigie per quell'avventura senza immaginare che presto si troverà nel cuore di un enigma. Mentre il suo convoglio corre verso la Ville Lumière, infatti, un altro treno partito da Londra è teatro di un delitto. Curiose coincidenze conducono Bee a un'indagine che metterà alla prova non solo la sua intelligenza, ma anche la sua capacità di restare lucida mentre tutto, dentro e fuori di lei, sembra vacillare. Perché, a volte, i misteri più difficili da risolvere non li incontriamo lungo il viaggio, ma li portiamo sempre con noi. Leggi di più Leggi di meno
63;Un giorno questo dolore ti sarà utile;Peter Cameron;https://www.ibs.it/giorno-questo-dolore-ti-sara-libro-peter-cameron/e/9788845925023;Descrizione «Avrei passato il resto della mia vita in transito, protetto dal treno, mentre questo mondo impossibile e disgraziato sfrecciava fuori dal finestrino.» «Cameron disegna un mirabile affresco di un mondo, il nostro, incapace di prendersi cura di se stesso, alla rincorsa di cose futili e banali. Lo fa attraverso una prosa densa come fosse verseggiata, con dialoghi perfetti e un personaggio che resterà nella memoria. Un libro bellissimo, già dal titolo e fino all'ultima pagina» – Valeria Parrella «Dalle prime pagine del libro noi sentiamo che c’è qualcosa che non va, nella vita di James. Sentiamo il peso della sua solitudine, lo pensiamo e ci riflettiamo su insieme a lui.» - Alessandro Tacchino James ha 18 anni e vive a New York. Finita la scuola, lavoricchia nella galleria d'arte della madre, dove non entra mai nessuno: sarebbe arduo, d'altra parte, suscitare clamore intorno a opere di tendenza come le pattumiere dell'artista giapponese che vuole restare Senza Nome. Per ingannare il tempo, e nella speranza di trovare un'alternativa all'università («Ho passato tutta la vita con i miei coetanei e non mi piacciono granché»), James cerca in rete una casa nel Midwest dove coltivare in pace le sue attività preferite – la lettura e la solitudine –, ma per sua fortuna gli incauti agenti immobiliari gli riveleranno alcuni allarmanti inconvenienti della vita di provincia. Finché un giorno James entra in una chat di cuori solitari e, sotto falso nome, propone a John, il gestore della galleria che ne è un utente compulsivo, un appuntamento al buio... I puntini di sospensione sono un espediente abusato, ma in questo caso procedere oltre farebbe torto a uno dei pochi scrittori sulla scena che, come sa bene chi ha amato Quella sera dorata , chiedono solo di essere letti. Anticipare le avventure e i pensieri di James rischierebbe di mettere in ombra la singolare grazia che pervade questo libro, e da cui ci si lascia avvolgere molto prima di riconoscere, nella sua ironia inquieta e malinconica, qualcosa che pochi sanno raccontare: l'aria del tempo. Leggi di più Leggi di meno
64;L'inverno della levatrice;Ariel Lawhon;https://www.ibs.it/inverno-della-levatrice-libro-ariel-lawhon/e/9788854533387;Descrizione Il caso editoriale americano dell'anno.Un giallo storico ispirato alla vita e al diario della levatrice Martha Ballard, che nel Maine del XVIII secolo sfidò il sistema legale americano lasciando un’impronta indelebile nella storia. A volte, il mio lavoro mi porta ad ascoltare storie. Donne che si ritrovano a confessare peccati che non hanno commesso, ancora incredule che sia capitato proprio a loro. Così quel pomeriggio sono rimasta ad ascoltare Rebecca, in silenzio. Avevo due certezze: Rebecca doveva raccontarmi tutto e io dovevo scoprire chi andava punito per ciò che le avevano fatto. «I lettori che hanno amato la protagonista di Outlander apprezzeranno Martha, l’eroina di Lawhon: coraggiosa, schietta e pronta a tutto pur di proteggere gli innocenti». - The Washington Post «Un romanzo tutt’altro che rassicurante, che affronta in profondità gli squilibri di potere tra uomini e donne, poveri e ricchi». - NPR «Martha Ballard non è solo una levatrice nel Maine del XVIII secolo. È anche una persona che cerca giustizia in un’epoca in cui alle donne non era nemmeno concesso testimoniare in tribunale». - People «L'inverno della levatrice [...] racconta una storia affascinante che ha l'indubbio merito di riportare alla luce il ruolo centrale della donna all'interno di una piccola comunità che, all'indomani della rivoluzione americana, è chiamata a vivere un'esistenza aspra e dura, flagellata dalla neve, dal ghiaccio, dalla natura selvaggia.» - Matteo Strukul, La Lettura Maine, villaggio di Hallowell, una notte d’inverno del 1789. Il fiume Kennebec è quasi completamente ghiacciato, invaso da micidiali lastroni che tagliano come cristallo. Prima di chiudersi nella loro gelida prigione, le acque restituiscono il corpo di Joshua Burgess, con gli abiti che ancora lo avvolgono come petali di un grande tulipano appassito. A esaminare quel cadavere gonfio e martoriato viene convocata Martha Ballard, la levatrice del villaggio, colei che facilita le nascite, che ascolta i corpi dei malati e se ne prende cura. E il corpo di Joshua Burgess parla, e dice che la morte non è arrivata solo per acqua, ma anche per corda: qualcuno potrebbe aver impiccato Burgess, prima di gettarlo nel Kennebec. Anche se poi il dottore, dall’alto della sua competenza, esprime il suo parere contrario e senza appello: è stato un incidente. Burgess, tuttavia, non può essere morto per una banale imprudenza. Oltre a Martha, in tanti pensano che meritasse una punizione, soprattutto dopo l’oltraggiosa violenza ai danni della giovane Rebecca. Martha aveva raccolto per prima quella terribile confidenza e l’aveva trascritta nel suo diario, come sempre fa con i racconti che le vengono affidati: perché non vadano perduti, perché le mura di casa non proteggono le madri, le sorelle, le figlie. Comincia così un’estenuante ricerca della verità per la levatrice Martha Ballard, armata solo delle sue parole contro i pregiudizi di una società che non intende ascoltarle. Con una prosa tesa e delicata, Ariel Lawhon racconta di una donna indomita e della sua instancabile battaglia per la giustizia. Un’eroina misconosciuta, mai finora celebrata, che ebbe l’ardire di levarsi in difesa dei più deboli, cambiando per sempre la storia di un’America che stava ancora muovendo i suoi primi passi. Leggi di più Leggi di meno
65;La favola di Amore e Psiche. Testo latino a fronte;Apuleio;https://www.ibs.it/favola-di-amore-psiche-testo-libro-apuleio/e/9791224208396;Descrizione Tradotta in tutte le lingue, raffigurata dai più celebri pittori, musicata dai compositori e cantata dai poeti, la storia di Amore e Psiche è il racconto più noto e più bello contenuto nelle Metamorfosi di Apuleio. È una favola autentica, dai toni delicati e dalle atmosfere magiche e incantate, che racchiude in sé tutti gli elementi cari alla tradizione fiabesca popolare. Un racconto conosciuto in tutto il mondo, di cui sono state date le più diverse interpretazioni, e che continua ad avere una straordinaria fortuna da quasi duemila anni. Premessa di Francesco Piccolo. Leggi di più Leggi di meno
66;L'arte di ottenere rispetto. Ediz. integrale;Arthur Schopenhauer;https://www.ibs.it/arte-di-ottenere-rispetto-ediz-libro-arthur-schopenhauer/e/9791224208426;Descrizione L'onore (la rispettabilità) è l'opinione che gli altri hanno di noi. Da questa premessa muove Schopenhauer, passando in rassegna i generi e sottogeneri di onore presenti nel consorzio umano: privato, pubblico, sessuale, nazionale, dell'umanità, cavalleresco. Quest'ultimo è definito come l'onore secondo la follia, sottratto cioè al dominio della ragione e soggetto, invece, alla legge della superiorità fisica, che rivela l'aspetto più basso e volgare della natura umana, la sua animalità. Ebbene, le offese all'onore nulla potranno contro l'uomo colto, che mostri di possedere nell'animo l'aristocrazia dei sentimenti. Dalle offese, anzi, il suo onore trarrà incremento. Ricco di puntuali citazioni (greche, latine, di Shakespeare, di Voltaire e molti altri), questo è un saggio scaturito dal vivo dell'esperienza reale, sottoposta al vaglio di un'osservazione acuta, guidata dal tenace e appassionato amore per la verità che contraddistingue tutto il pensiero di Schopenhauer. Introduzione di Gian Carlo Giani. Leggi di più Leggi di meno
67;La famiglia Karnowski. Ediz. integrale;Israel Joshua Singer;https://www.ibs.it/famiglia-karnowski-ediz-integrale-libro-israel-joshua-singer/e/9791224208440;"Descrizione Tre generazioni di ebrei, completamente assimilati alla società tedesca, si susseguono sotto la crescente e minacciosa ombra del nazismo. L'intesa saga familiare si apre con David, il patriarca, che lascia la Polonia per trasferirsi nella civilissima Berlino e si considera più tedesco dei tedeschi stessi; il figlio Georg, che ha imparato sin da piccolo a comportarsi «da ebreo in casa e da uomo di mondo fuori», diventa un famoso e richiestissimo medico, salvo poi perdere tutto, ricchezze, professione e ogni possibile speranza, a causa delle orribili leggi razziali. La storia di Jegor, il suo giovane figlio, dilaniato dall'odio che prova per la sua stessa identità di ebreo, conclude la parabola dei Karnowski. Affresco vivido e commovente della società ebraica in Germania tra l'inizio del secolo scorso e gli anni a cavallo delle due guerre mondiali, La famiglia Karnowski è riconosciuto come un grande classico della letteratura del Novecento. Con un'introduzione all'autore di Moni Ovadia. Leggi di più Leggi di meno"
68;Il linguaggio segreto delle carezze;Thrity Umrigar;https://www.ibs.it/linguaggio-segreto-delle-carezze-libro-thrity-umrigar/e/9791282435147;"Descrizione Dall'autrice del Bestseller Il canto dei cuori ribelli «Mamma, all’ospedale, i primi giorni, ti sei accorta che ero lì?» Shirin lo guardò negli occhi. «Il cuore smette mai di sentire il proprio battito?» «Potente e avvincente. Una magistrale sinfonia di segreti e bugie, rimpianto e perdono, odio e amore». - Marlon James «Un'indimenticabile esplorazione dell'amore in tutte le sue forme: romantico, filiale, materno.» - Booklist Quando scorge le carezze e le attenzioni che la madre di sua moglie elargisce alle proprie figlie, Remy avverte dolorosamente con quale privazione sia stato cresciuto. Di Shirin, sua madre, non ricorda molti gesti di affetto, ma piuttosto porte chiuse, scenate, liti; solo la presenza di suo padre, premuroso e vivace, il suo eroe, gli pare abbia reso la sua infanzia sopportabile. In fondo è questa la ragione per cui ha lasciato l’India per l’America, mettendo quanta più distanza possibile dalle proprie radici. Anni dopo, di ritorno a Bombay per adottare un bambino, Remy ritrova Shirin in ospedale: ha smesso di parlare da tempo e sembra aver rinunciato a vivere. Oppresso dal senso di colpa per non aver capito la situazione e averla trascurata dopo la morte del padre, nonostante non sia semplice mettere da parte il passato, si dedica ad accudirla. Finché un giorno, nel suo appartamento, si imbatte in una vecchia foto destinata a scoperchiare sconvolgenti segreti e, proprio mentre sta cercando lui stesso di diventare genitore, a mettere in discussione tutto quello che credeva di sapere: su sua madre, sulla sua famiglia, su di sé, su tutto il suo mondo… Leggi di più Leggi di meno"
69;La collana di cristallo;Cristina Caboni;https://www.ibs.it/collana-di-cristallo-libro-cristina-caboni/e/2000000170435;Descrizione Il vetro soffiato si gonfia in attesa di prendere forma: è quasi una magia e, quando la meraviglia si realizza, Juliet si sente forte e al sicuro. I suoi famigliari la fanno sentire sempre fuori posto, non accettano il suo mondo fatto di creatività, perché per loro la cosa più importante è la razionalità. Per questo non vogliono che parta per Murano, dove è stata ammessa alla scuola per vetrai più prestigiosa del mondo. Ma Juliet non sente ragioni, se non quelle del cuore, e non rinuncia all'opportunità di realizzare il suo sogno più grande, anche se questo vuol dire trovarsi da sola dall'altra parte dell'oceano. Con sé ha un amuleto, una collana di cristallo che la tata di famiglia le ha affidato sussurrandole parole misteriose: «È tua, perché le somigli così tanto». Juliet non ha idea di cosa significhi ma, arrivata nella colorata isola attraversata dai canali, sente che il gioiello le dà la forza di affrontare una sfida in cui non mancano ostilità e pregiudizi, perché lei è l'unica ragazza ammessa. Ma soprattutto le fa dimenticare la paura di non essere all'altezza. Ciò che non si sarebbe mai aspettata è che in una delle perle di cristallo sia incastonato lo stesso stemma che spicca sul palazzo che ospita la fornace. C'è un segreto che deve scoprire. Un segreto che lega la sua famiglia a un diario in cui sono custodite geniali formule per lavorare il vetro e a una donna di Murano vissuta nel secolo scorso. Ad aiutarla c'è Marcus, il direttore della scuola: insieme si perderanno tra le calli incantate in cerca del passato, ma soprattutto in cerca di sé stessi. Leggi di più Leggi di meno
70;Tutte le mattine di Sybil;Virginia Evans;https://www.ibs.it/tutte-mattine-di-sybil-libro-virginia-evans/e/9788817188708;"Descrizione Libro vincitore del Women's Prize for Fiction 2026 Tutte le mattine di Sybil è un romanzo irresistibile che trascina il lettore in un universo ricchissimo di sfumature, sentimenti mai rivelati, e testimonia un amore incrollabile per la vita. «Un capolavoro che vi commuoverà e vi renderà felici.» - The New York Times «Tutte le mattine di Sybil racconta un universo quotidiano e insieme straordinario, consegna al lettore la voce fuori dal tempo, eppure profondamente calata nel tempo, di un personaggio sorprendente, profondo e ricco di sfumature, amabile perfino nelle sue rigidità, e intona un inno alla parola scritta come strumento ordinatore del mondo.» - Marzia Fontana, La Lettura Sybil Van Antwerp ha settantatré anni, cura il giardino della sua bella casa che le regala splendide fioriture primaverili e non ama vivere fuori, nel mondo. Nella vita di prima è stata un'avvocatessa stimata, una moglie e una madre, ma ora predilige un'attività su tutte: scrivere lettere. Ha iniziato all'età di nove anni e non ha mai smesso, nemmeno nell'era digitale, nemmeno ora che la vista vacilla. Scrivere missive è una meravigliosa attività umana, su questo non ha dubbi. I suoi destinatari sono molteplici, dalle amiche al vicino signor Lübeck, al gentile assistente di un'agenzia che si occupa di test del dna. E poi tiene la corrispondenza con scrittrici e scrittori, con cui condivide il proprio giudizio sui loro romanzi e certe visioni della vita. E con Harry, un giovane con difficoltà a integrarsi. Quando si scrive, sostiene, bisogna andare piano; perché ""la fretta può farci mettere su carta cose che non intendevamo e ci si svuota"". Tra i chiaroscuri della vita di una donna che si avvicina alla vecchiaia, c'è anche un destinatario non identificabile a cui Sybil confessa il suo dolore più grande, senza però inviare alcuna lettera. E solo quando questa sofferenza implacabile, un mistero che sembra inafferrabile, troverà la sua piena voce sul foglio, Sybil potrà finalmente cercare, di nuovo, il suo posto nel mondo. Leggi di più Leggi di meno"
71;Persuasione;Jane Austen;https://www.ibs.it/persuasione-libro-jane-austen/e/9788822783790;"Descrizione Ultimo e più maturo romanzo della Austen, Persuasione contiene un impareggiabile ritratto della provincia inglese d'inizio Ottocento e, attraverso la contrastata vicenda della protagonista, una intensa polemica anti-aristocratica. Anne Elliot, la protagonista del romanzo, ha sbagliato: da giovanissima, appena diciannovenne, si è lasciata convincere dall'opposizione del padre, Sir Walter, e dalla ""persuasione” di Lady Russell a rompere il fidanzamento col giovanissimo ufficiale di marina Frederick Wentworth, amatissimo ma non ricco. Adesso, a ventisette anni, Anne è sola; per di più le sorti economiche della sua famiglia hanno subito un rovescio e il padre è stato costretto a dare in affitto la propria tenuta all'ammiraglio Croft. Ma un giorno l'ammiraglio riceve la visita del proprio cognato, un affermato e facoltoso capitano di marina: è Frederick, e questa volta, otto anni dopo, Anne ha la sua seconda occasione. Leggi di più Leggi di meno"
72;Dracula. Ediz. integrale;Bram Stoker;https://www.ibs.it/dracula-ediz-integrale-libro-bram-stoker/e/9788822784926;Descrizione Accompagnato da ininterrotta fortuna, riconfermata dal successo del film di Francis Ford Coppola,Dracula di Bram Stoker è l'ultimo grande romanzo gotico e al tempo stesso, forse, il più famoso: spettrale, altero, spietato e sottilmente erotico, il pallido Conte (il cui nome è ormai sinonimo di vampiro) appartiene a quei pochi personaggi che entrano a far parte dell'immaginario collettivo, impongono un genere, divengono un simbolo. «Una figura», notava Thomas Wolf, «che costringe a confrontarci con misteri primordiali: la morte, il sangue, l'amore e i loro reciproci legami», cosicché «il risultato cui Stoker perviene è questo: ci fa comprendere, attraverso la nostra esperienza, perché si dice che il vampiro sia invisibile allo specchio. Egli c'è, ma noi non lo riconosciamo, dal momento che il nostro stesso viso lo cela». Introduzione di Riccardo Reim. Leggi di più Leggi di meno
73;Il mondo perduto;Arthur Conan Doyle;https://www.ibs.it/mondo-perduto-libro-arthur-conan-doyle/e/9788822793669;Descrizione Tra meraviglie preistoriche e pericoli sconosciuti, Il mondo perduto ci ricorda che la vera avventura non è solo scoprire nuovi orizzonti, ma trovare il coraggio di sfidare l’ignoto. Il giornalista Edward Malone si unisce a una spedizione guidata dal professor Challenger, che sostiene l'esistenza di un altopiano isolato in Sud America dove sopravvivono dinosauri e creature preistoriche. Con loro ci sono il professor Summerlee, scettico, e il cacciatore Lord John Roxton. Sul luogo, scoprono un ecosistema straordinario con dinosauri, pterosauri e uomini-scimmia ostili che li catturano. Dopo molte avventure, riescono a fuggire e tornano in Inghilterra, portando uno pterosauro come prova. La scoperta suscita grande clamore, ma i protagonisti prendono strade diverse: Malone rinuncia al suo amore, Roxton pianifica nuove esplorazioni, e Challenger sogna ulteriori scoperte. Leggi di più Leggi di meno
74;I tramezzini di Rocco Schiavone;Antonio Manzini;https://www.ibs.it/tramezzini-di-rocco-schiavone-libro-antonio-manzini/e/9788838949951;Descrizione In queste storie Antonio Manzini sembra ripercorrere un cammino iniziato tredici anni fa con Pista nera creando un personaggio e un mondo in cui convivono umorismo e dramma, suspense e sensibilità, fotografia della realtà e rovesciamento tragicomico.I Tramezzini sono un punto di arrivo, e di rinnovata partenza. «Fin dal titolo il nuovo libro di Antonio Manzini è un omaggio all'amico Andrea Camilleri, con i tramezzini al posto degli arancini. Sono nove racconti che vanno a pescare storie minime e lampi dal passato (anche remoto) di Rocco Schiavone». - Severino Colombo, La Lettura Una raccolta di racconti inediti che vedono protagonista Rocco Schiavone, tra l’infanzia e la maturità, Roma e Aosta, la nostalgia e il dolore. L’amicizia con i compagni di Trastevere, prima da bambini e poi da adolescenti, eterni ragazzi di strada e di vita, sempre sospesi tra sfrontatezza e crimine. L’incontro inaspettato con la moglie Marina, in una tempesta di emozioni e presagi. Lo sdegno morale di fronte a un organizzatore di matrimoni, un wedding planner che sembra destinato a una brutta fine. Le pulsioni erotiche di un giorno di noia smisurata. La guerra e la Resistenza, le figurine dei calciatori, i sogni dell’infanzia. I morti ammazzati, i segreti di famiglia, la fatica di mettersi ancora una volta al lavoro su un nuovo caso. L’affetto e lo sprezzo per i colleghi, il rigore di chi cerca sempre la verità e applica una costante disubbidienza alla stupidità e all’ingiustizia. Leggi di più Leggi di meno
75;Per la scuola. Nuova ediz.;Piero Calamandrei;https://www.ibs.it/per-scuola-nuova-ediz-libro-piero-calamandrei/e/9788838950537;Descrizione Gli scritti di Piero Calamandrei, interpellanze, articoli, discorsi, su istruzione e democrazia, letti oggi, costituiscono una riflessione di grande forza. Il giurista individuava nella mobilità sociale il principale compito della scuola. L’opportunità aperta a tutti, indipendentemente dalla nascita, di entrare a far parte della classe dirigente, come garanzia di una giustizia sociale, ma anche come necessità di un rinnovamento più efficace. Per questo, per lui, la scuola era «un organo costituzionale» della democrazia e considerava come la più dannosa delle disuguaglianze il privilegio nell’istruzione. Privilegio rafforzato da una scuola pubblica resa povera e indebolita al confronto di una privata, soprattutto se questa, col finanziamento statale, diventa scorciatoia verso una scuola di partito, o di setta, o di chiesa. Sono argomentazioni di una stupefacente attualità. Interventi appassionati e lucidi scritti con l’eleganza letteraria e la sapienza di uno dei padri più nobili della Costituzione, una lente essenziale per rileggere la storia d’Italia. Un memorandum. Leggi di più Leggi di meno Argomenti Giustizia sociale Istruzione pubblica
76;Nel paese dei ciechi;Herbert George Wells;https://www.ibs.it/nel-paese-dei-ciechi-libro-herbert-george-wells/e/9788845923326;Descrizione Sperduto nelle Aride, Nunez viene accolto da una comunità i cui membri sono tutti ciechi. Confuso dalla vita laboriosa e dai sensi fìnissimi dei suoi ospiti, dovrà destreggiarsi fra il proprio senso di superiorità e la loro remota saggezza: anche perché i ciechi si sono prefìssi di guarirlo a tutti i costi dalla sua inspiegabile, perversa ossessione per la vista. Con una nota di Sandro Modeo. Leggi di più Leggi di meno
77;La solitudine di Sonia e Sunny;Kiran Desai;https://www.ibs.it/solitudine-di-sonia-sunny-libro-kiran-desai/e/9788845941016;"Descrizione L’atteso, acclamatissimo nuovo romanzo di Kiran Desai. «Una storia d’amore epica e sconfinata... Il romanzo più superbo di Kiran Desai» - The New York Times «la solitudine di Sonia e Sunny è un romanzo così pieno, straripante d'immaginazione, personaggi, mondi, emozioni, colori e avventure, che mi è sembrato non di leggerlo ma di viverlo, e mi ha lasciato un senso di felicità e meraviglia.» - Peter Cameron «Grande romanzo indiano che, con la colonizzazione da un lato e l'emigrazione dall'altro, non può esimersi dall'essere anche grande romanzo globale.» - Vanni Santoni, La Lettura Ancora non si conoscono, Sonia e Sunny, malgrado il tentativo dei genitori di combinare il loro matrimonio. Sono entrambi indiani, figli di famiglie agiate che li hanno mandati a studiare e a farsi una carriera negli Stati Uniti: Sonia, che vive in un college nel nevoso Vermont, sogna di diventare scrittrice ed è invischiata in una relazione tossica con un pittore folle e narcisista; Sunny è un giornalista agli esordi, irrequieto e ambizioso, che tenta di costruirsi un futuro a New York per sfuggire a una madre tirannica e possessiva. Non si conoscono, ma tutti e due avvertono la solitudine di chi, sradicato, si ritrova in bilico fra due mondi, sospeso tra il desiderio di recidere i legami con una cultura sentita come arretrata e oppressiva e l’impossibilità di accogliere fino in fondo una nuova identità. Sarà un incontro fortuito su un treno notturno, in India, a far nascere un amore travolgente ma fragile, minato da incertezze e timori, cui seguirà un lungo distacco e una serie interminabile di avventure e disavventure – viaggi, malattie, faide familiari, delitti, trasformazioni – forse dovute alla perdita di un misterioso amuleto tibetano, che Sonia e Sunny dovranno ritrovare per ritrovarsi. Entrare in questo libro è come immergersi nelle acque di un fiume che si getta in altri fiumi, sempre più ampi e vorticosi, fino a formare un oceano di storie: storie intrecciate le une alle altre, che solo dopo essere attraversate rivelano il suo «tesoro nascosto». È la magia dei grandi romanzi. E La solitudine di Sonia e Sunny, di Kiran Desai – con la sua scrittura oceanica e traboccante di immagini, di colori, di humour – dovrebbe essere salutato come uno dei romanzi magici dei nostri tempi. Leggi di più Leggi di meno"
78;Domenica;Georges Simenon;https://www.ibs.it/domenica-libro-georges-simenon/e/9788845941184;Descrizione In Domenica , una volta di più, Simenon dimostra di saper scavare mirabilmente nella psiche dei suoi personaggi per mettere in scena un dramma impietoso come il sole della Provenza nel primo pomeriggio. E il lettore non potrà far altro che restare a guardare, avvinto alle pagine, fino allo spiazzante, magistrale epilogo. È una bella domenica di maggio in Costa Azzurra: l’aria è mite, l’alta stagione è alle porte, e alla Bastide, una tipica locanda a conduzione familiare ai piedi del massiccio dell’Estérel, tutti si muovono come dietro le quinte di un teatro, in attesa della consueta invasione all’ora di pranzo. Ma per Émile, che è arrivato dalla Vandea quando era solo un ragazzo e ha risollevato le sorti dell’attività con i suoi manicaretti sopraffini, questa domenica, iniziata come tante altre, è in realtà una giornata decisiva, destinata a chiudere una partita che va avanti ormai da anni. Non saprebbe neanche dire com’è cominciata: quando ha sposato Berthe, la figlia del vecchio titolare? Quando lei ha rifiutato di stipulare un accordo prematrimoniale, non per amore ma per la consapevolezza di essersi comprata il marito? Quando ha cominciato a prendersi delle amanti, quasi per rivalsa contro quella moglie fredda e occhiuta che gli nega anche i piaceri più semplici e gli impedisce di vivere da uomo? O forse quando è arrivata Ada, la strana «piccola selvaggia» assunta come domestica con cui ben presto Émile ha intrecciato una relazione viscerale e ferina? Leggi di più Leggi di meno
79;Il lupo che voleva cambiare colore. Amico lupo. Ediz. illustrata;Orianne Lallemand;https://www.ibs.it/lupo-che-voleva-cambiare-colore-libro-orianne-lallemand/e/9788858037218;Descrizione Una mattina, Lupo si sveglia di malumore. Tutto nero non si piace affatto. Così, decide di cambiare colore! Ma non sarà così facile come crede... Età di lettura: da 3 anni. Leggi di più Leggi di meno
80;La forza della passione. Lettere a Monsignor Fisichella;Oriana Fallaci;https://www.ibs.it/forza-della-passione-lettere-a-libro-oriana-fallaci-rino-fisichella/e/9791223802366;Descrizione «Era primavera, ricordi, quando ti scrissi per ringraziarti dell'intervista che avevi dato su me e sul Papa. Stavo già molto male. Ma con le tue lettere e le tue telefonate mi tenesti viva fino all'estate. E poi fino all'autunno. E poi fino all'inverno. E poi fino a questa primavera... No, io non devo nulla alle radioterapie e alle chemioterapie. Devo tutto a quella settimana d'estate, a quei due giorni d'inverno, a quel giorno e mezzo di primavera, alle attese interminabili ma consolanti, alle tue parole scritte, alla tua bella voce. Alla tua bontà. Sei tu che mi hai aiutato a vivere. Ed ora, dopo avermi aiutato a vivere, mi aiuti a morire.» Un dialogo iniziato poco prima della morte della grande scrittrice e intellettuale, un'amicizia che rappresentò per lei un incontro d'anima, la possibilità di un abbandono totale. Pagine dense di vita, il ritratto di una Fallaci libera, caparbia e sempre curiosa, che, pur orgogliosa della propria cultura e fedelmente legata alla «dea ragione», non rinuncia a interrogarsi sulla fede e sul mistero. Complessa, tenace eppure intimamente fragile, vittima di una solitudine estrema, che fu la sua condanna e la sua forza. «Sei una donna forte, intelligente, determinata, ma alla fine rimani una bambina indifesa che ha solo il desiderio che qualcuno le tenga la mano» scriverà Rino Fisichella, l'uomo che le regalò «ciò che nel corso della sua vita non aveva mai avuto». Queste lettere, rimaste private per vent'anni, sono una testimonianza preziosa, la volontà di salvare dall'oblio il lato autentico e umano di una delle voci più potenti e controverse della nostra epoca. Leggi di più Leggi di meno
81;Canne al vento. Ediz. integrale;Grazia Deledda;https://www.ibs.it/canne-al-vento-ediz-integrale-libro-grazia-deledda/e/9791224204022;"Descrizione Introduzione di Dolores Turchi Edizione integrale ""Canne al vento"", pubblicato nel 1913, è il romanzo della Deledda più letto e tradotto. Sullo sfondo di Galte (Galtellì), un piccolo paese della Sardegna orientale, si intravedono i mali secolari dell'isola, l'estrema povertà della Baronia e l'incubo della malaria sempre in agguato. A Galte vivono le dame Pintor, appartenenti alla nobiltà terriera ormai decaduta, che non sanno adattarsi alla società che cambia, nella quale hanno buon gioco commercianti e usurai. Protagonista principale del romanzo è Efix, il “servo” delle dame Pintor, che si cura della loro sopravvivenza. Quando, diversi anni più tardi, giungerà in paese Giacinto, figlio di Lia, una delle sorelle, a sconvolgere l'esistenza di tutti, Efix, con la sua sofferta saggezza, cercherà in ogni modo di arginare il disastro finanziario provocato dal giovane dissennato, ma morirà proprio il giorno in cui Noemi, la più giovane delle Pintor, deponendo il suo orgoglio, sposa il ricco cugino Don Predu. Il romanzo è pervaso da una vena lirica che stempera le forti passioni trasformandole, come scrive la stessa Deledda, «in un motivo che sgorga spontaneo dalle labbra di un poeta primitivo». «Ed ecco nella fantasia stanca del servo le cose a un tratto cambiano aspetto come dalla notte al giorno; tutto è luce, dolcezza: le sue nobili padrone ringiovaniscono, si risollevano a volo come aquile che han rimesso le penne; la loro casa risorge dalle sue rovine e tutto intorno rifiorisce come la valle a primavera.». Introduzione di Dolores Turchi. Leggi di più Leggi di meno"
82;Suite francese;Irène Némirovsky;https://www.ibs.it/suite-francese-libro-irene-nemirovsky/e/9791224208389;Descrizione In un piccolo paesino della campagna francese, nei primi mesi dell'occupazione nazista, la giovane Lucile, sposa per volere del padre, e la suocera Angellier attendono di ricevere notizie da Gaston che è partito per il fronte. E quando nella loro casa verrà acquartierato Bruno, ufficiale dell'esercito tedesco, i rapporti fra le due donne diventeranno ancora più tesi. La scintilla tra i due giovani scocca ben presto, e la necessità di reprimere e soffocare il desiderio diventa quasi impossibile da sostenere… Suite francese, ultimo capolavoro di Irène Némirovsky, fu pubblicato in Francia solo molti anni dopo la sua morte e ha permesso al grande pubblico internazionale di conoscere l'opera della grande scrittrice. Il libro raccoglie i due “movimenti” Tempesta di giugno e Dolce (nelle intenzioni dell'autrice avrebbero dovuto essere cinque, ma la deportazione le impedì di completare il progetto), due affreschi vividi e struggenti di una grande nazione stritolata dagli orrori della guerra. Leggi di più Leggi di meno
83;La portinaia del 17. I segreti del Vieux Moulin;Emma Cortesi;https://www.ibs.it/portinaia-del-17-segreti-del-libro-emma-cortesi/e/9791259678485;Descrizione Un mystery dalle dinamiche classiche, scritto con l'intelligenza dei grandi maestri del giallo, La portinaia del 17 è il primo di una serie di romanzi con al centro lo storico palazzo di Montmartre. Libro dal tocco ironico e dalle atmosfere rétro, è una dichiarazione d'amore alla Parigi che conosciamo, ma anche un viaggio nella vita dei suoi abitanti, tra le celebri vie del quartiere degli artisti. «Allora, da dove iniziamo?», chiese lei impaziente, sistemando gli occhiali sul naso e aprendo con cura il quadernetto alla prima pagina.«Tiri il freno, Sherlock», la ammonì Antoine. «Per cominciare, cerchiamo di capire chi è veramente questo Gorin. E se c’è davvero qualcosa di sospetto, o solo un po’ di noia da pensionati». «Tra scambi ironici e una fiducia che cresce pagina dopo pagina, l'indagine finisce per diventare anche l'occasione per aprire a una rivalsa quando la società tende a relegare ai margini chi ha un'età avanzata.» - Sara Erriu, La Lettura Al 17 di rue des Saules, nel cuore di Montmartre, le giornate sono scandite da piccole abitudini e buone maniere, e la vita degli inquilini scorre lenta tra un pain au chocolat e due chiacchiere pacifiche davanti a un caffè bollente. Non c'è nulla che Berthe, portinaia dai capelli di neve, non sappia di loro. Così una mattina, quando per la prima volta in vent'anni Monsieur Gorin non ritira il suo giornale, la donna non ha dubbi: qualcosa non torna. Decisa a seguire l'istinto e la sua inarrestabile curiosità, Berthe, aiutata dall'ex commissario Lefevre, s'introduce nell'appartamento al secondo piano dove vive Gorin. Dopo una macabra scoperta, la coppia decide di andare a fondo alla questione avventurandosi in un'indagine privata tra vecchi diari, teatri appartenenti a una Parigi lontana e misteriose fotografie, salendo e scendendo le scale del vecchio Residence che custodisce da sempre più di un segreto. Leggi di più Leggi di meno
84;Un pranzo da re. Avventure di un gourmand vagabondo. Ediz. limitata;Jim Harrison;https://www.ibs.it/pranzo-da-re-avventure-di-libro-jim-harrison/e/9791281519466;"Descrizione «Un inno al mangiare bene e al bere ancora meglio: una ricetta per la buona vita.» - Kirkus Review «Quando la vita si fa pesante, so di poter contare sul Bandol, sull'aglio e su Mozart.» - Jim Harrison Il «pranzo da re» che dà il titolo a questa strepitosa raccolta di saggi dedicati a vino, cibo, sesso, poesia e gioia di vivere è quello che Jim Harrison, un moderno Rabelais nato per caso negli Stati Uniti, consumò in Borgogna con undici amici una ventina d'anni fa. Trentasette le portate, scelte fra le ricette di grandi cuochi e grandi amanti della cucina del passato – dal Maréchal de Richelieu a La Varenne, da Brillat-Savarin a Carême –, tre secoli di arte culinaria dal 1656 al 1823. Per i vini si andava dal Volnay-Champans del 1969 allo Château Latour del 1989, bevuti lungo un pasto durato quanto un volo da New York a San Paolo del Brasile: lasciamo al lettore la curiosità di scoprirne la durata. Quanto al costo di questa pantagruelica «grande bouffe», lasciamo la parola allo stesso Harrison: «Se dico che è più o meno quello di una Volvo Station Wagon, gli spiriti critici esprimeranno parola di ferma condanna. La mia unica risposta è che nessuno di noi dodici commensali discepoli del gusto voleva una Volvo nuova». Scritto con lo stile sarcastico e brillante che ha fatto di Harrison una leggenda della letteratura americana, ""Un pranzo da re"" celebra il piacere dei sensi, polemizza con il salutismo e con gli chef stellati quando trasformano la buona tavola in una cerimonia funebre. Nelle sue pagine sfilano mostri sacri come Orson Welles, Jeanne Moreau e Gérard Depardieu, accanto a poeti e romanzieri immortali – Machado, García Lorca, Dostoevskij, Hemingway – in un susseguirsi di aneddoti e riflessioni che fanno di questo libro un vero breviario esistenziale. E, come scrive lo stesso Harrison, «ogni volta che la vita cerca di schiacciarmi, so che posso sempre contare sul Borgogna, l'aglio e Mozart». Leggi di più Leggi di meno Argomenti Banchetto Piacere Vino"
85;Quello che possiamo sapere;Ian McEwan;https://www.ibs.it/quello-che-possiamo-sapere-libro-ian-mcewan/e/9788806269159;Descrizione Libro vincitore della Classifica di Qualità 2025 de «la Lettura»Tra i migliori libri del 2025 secondo il New Yorker e il New York Times Al lettore il nuovo strabiliante viaggio letterario di McEwan offre una chiave per riscattare il presente dal senso di catastrofe imminente che lo attanaglia e per immaginare un futuro in cui non tutto è perduto. «Arriva senza preavviso, come uno schiaffo, la nostalgia anche se il termine mal si addice a un posto che non ho mai visto. Eppure mi prende, in fondo al cuore, una strana fitta di piacere misto a pena, un anelito, una meraviglia, una tristezza. Questo anelito per qualcosa che non si è conosciuto e che è andato perso meriterebbe una parola tutta sua, perché va al di là della nostalgia, è la smania per qualcosa che un tempo era noto. Non proprio un tormento, ma nemmeno una risorsa. Quel misto di piacere e pena è emotivamente devastante, impedisce la concentrazione.» «Un potente omaggio a un'epoca perduta... e una splendida raffigurazione di cosa significhi cercare legami umani nelle parole e fra le pagine». - Library Journal «Questo romanzo mi ha dato così tanto piacere che a tratti mi veniva da ridere per la pura gioia della lettura.» - The New York Times «Un romanzo ipnotico su come cerchiamo di comprendere ciò che ci ha preceduti.» - Washington Indipendent Review Of Books «È una prova d'autore, ambiziosa più delle ultime, collegabile a Solar (2010) il suo romanzo di Climate Fiction, ma decisa a spingersi oltre per dirci che ci aspetta un nuovo diluvio e sull'arca non saliranno gli innocenti, ma gli ignavi». - Gabriele Romagnoli, la Repubblica «Ci voleva Ian McEwan per una rivelazione spettacolare del declino.» - Giuliano Ferrara, Il Foglio Nell’ottobre del 2014, durante una cena tra amici, il grande poeta Francis Blundy dedica alla moglie Vivien un poema che non verrà mai pubblicato e di cui si perderanno le tracce. Un secolo più tardi, in un mondo ormai in gran parte sommerso dopo un Grande Disastro, lo studioso di letteratura Thomas Metcalfe scopre degli indizi che puntano a un intreccio amoroso e criminale. Ma che ne sappiamo degli uomini e delle donne del passato, con le loro passioni e i loro segreti? E che sapranno i nostri discendenti di noi e del mondo guasto che gli lasceremo in eredità? Nel maggio del 2119 Thomas Metcalfe, studioso di letteratura del periodo 1990-2030, si reca per l’ennesima volta alla biblioteca Bodleiana per consultarne gli archivi, a lui arcinoti, nel tentativo di scovare qualche scampolo di informazione inedita sull’oggetto dei suoi interessi, la fantomatica “Corona per Vivien” del grande poeta Francis Blundy, mai ritrovata. Il viaggio è disagevole, ora che la Bodleiana è stata trasferita nella Snowdonia, nel Nord del Galles, per sottrarre il suo prezioso contenuto alle acque che, dopo il Grande Disastro e l’Inondazione che ne seguì, sommersero l’originaria sede, a Oxford, e gran parte della terra. Ma gli abitanti del ventiduesimo secolo, sopravvissuti a quella catena di eventi, sono avvezzi al disagio e alla penuria, e inclini a guardare alla ricchezza e alla varietà del mondo precedente ora con rabbia ora con sognante nostalgia. Forse anche così si spiega l’ossessione di Metcalfe per il poemetto perduto. Miracolo di costruzione poetica, la Corona di Blundy fu composta poco più di cent’anni prima, nel 2014, in occasione del compleanno della moglie Vivien, e recitata un’unica volta durante i festeggiamenti presso il Casale dei Blundy, in un tripudio di vini e cibi deliziosi e ora introvabili, alla presenza della loro cerchia di amici. Facendo riferimento al celebre banchetto del 1817, cui parteciparono Keats e Wordsworth, l’evento fu successivamente definito «Secondo Immortal Convivio». La profusione di diari, corrispondenze e messaggi disponibili racconta delle correnti di amore e invidia che attraversavano tutti i partecipanti, del primo marito di Vivien, il liutaio Percy, e della malattia degenerativa che si era impossessata del suo cervello, delle ambizioni represse della donna. Ma dell’agognata “Corona per Vivien” neanche l’ombra. Che fine ha fatto la sublime poesia della cui stessa esistenza ormai i più dubitano? Quale verità si cela dietro la sua scomparsa? E quale differenza potrebbe mai fare il suo ritrovamento? Sarà un’intuizione geniale a fornire l’indizio che orienterà Metcalfe in una caccia al tesoro stevensoniana nell’ignoto. Il suo viaggio svelerà una storia d’amore e di compromessi e un crimine impunito, e getterà una luce nuova su figure che le parole tramandate gli avevano fatto credere di conoscere intimamente. Leggi di più Leggi di meno
86;La morte di Ivan Il'ic;Lev Tolstoj;https://www.ibs.it/morte-di-ivan-ic-libro-lev-tolstoj/e/9788807900815;Descrizione Pubblicato nel 1886, questo racconto descrive la vita di Ivan Il'ic, un borghese di buona famiglia, di discreta intelligenza e qualità mondane, costantemente preoccupato del parere dei superiori, che con le loro azioni potrebbero agevolarne la scalata sociale. Anche il matrimonio sembra confacersi alla pratica di vita da lui perseguita nella vita professionale: ha sposato la moglie più per convenienza d'affetto e sociale che per reale innamoramento. Tutto procede per il meglio, fin quando il protagonista non subisce un banale incidente domestico. Cadendo da uno sgabello Ivan Il'ic accusa un forte colpo al fianco, un dolore che con il passare del tempo sarà sempre più costante, costringendolo a consultare numerosi medici per cercare di venirne a capo. Nella situazione di disagio indotto dalla malattia cambiano così le sue priorità. Nell'avere pietà di se stesso, comincia sempre più a essere insofferente verso la rumorosa indifferenza della gente sana. Nessuno lo comprende né gli presta ascolto, tranne un muzik, un paesano, che fin dal giorno dell'incidente aveva cominciato a prendersi cura di lui, peraltro con un atteggiamento improntato a una straordinaria serenità. La malattia lo induce pertanto a rivedere tutta la scala dei valori che aveva ispirato la sua vita, guidandolo alla comprensione della verità: tutto è stato falso, nella vita familiare come nel lavoro. Ma alla fine della sua vita la menzogna si ritira, e Ivan Il'ic riuscirà a morire sereno, con il sorriso sulle labbra. Leggi di più Leggi di meno
87;Chimica medica e propedeutica biochimica con applicazioni cliniche. Con e-book;Tiziana Bellini;https://www.ibs.it/chimica-medica-propedeutica-biochimica-con-libro-tiziana-bellini/e/9788808599049;
88;Fascismo bianco;Michele Ainis;https://www.ibs.it/fascismo-bianco-libro-michele-ainis/e/9788811021339;Descrizione Questo è il tempo della paura: guerre, crisi climatica, pandemie, migrazioni, diseguaglianze. Di fronte a tutto ciò, accettiamo di sacrificare la libertà in nome della sicurezza. Ed è proprio così che si consuma la regressione costituzionale: parlamenti esautorati, giudici delegittimati, stampa intimidita, manifestazioni represse. Michele Ainis documenta questa parabola e fornisce una definizione eloquente della deriva illiberale che dietro le apparenze della normalità democratica attraversa l'Occidente: fascismo bianco. Oggi l'autoritarismo opera infatti in maniera occulta, senza servirsi di parate o proclami, ma mosso dallo stesso obiettivo che ha caratterizzato i totalitarismi del secolo scorso: la formazione di un pensiero unico. Dalla crisi della legalità internazionale al tramonto dell'ONU, dal modello Trump al governo nazional-populista di Netanyahu, dalla Francia dello stato d'eccezione permanente all'Inghilterra del Piano Ruanda, fino all'Italia dei decreti d'urgenza, dei manganelli sugli studenti, del dissenso trasformato in reato e delle carceri stracolme, questo libro è un appello a riconoscere il vento autoritario che soffia sul nostro tempo – e a decidere dache parte stare. Leggi di più Leggi di meno
89;Il grande inganno. Da Ercole alla Nato: quello che la storia non ci ha insegnato;Paolo Mieli;https://www.ibs.it/grande-inganno-da-ercole-alla-libro-paolo-mieli/e/9788817199407;Descrizione Paolo Mieli rilegge alcuni dei grandi snodi della storia per smontare luoghi comuni e false certezze, mostrando quanto il passato continui a interrogare il nostro presente. «Il secolo che abbiamo alle spalle, preceduto da centocinquant'anni di incubazione di quel mix di progresso e violenza, si sta rivelando più lungo di quel che credevamo. Lunghissimo. Ha scavalcato il millennio. E adesso si ripresenta come un secolo infinito. Con nuove guerre. Un progresso delle democrazie zeppo di inciampi. E nessuna certezza sulle prospettive di un'evoluzione radiosa. Tutto trae origine da un grande inganno.» Li troverete in queste pagine, in una scansione di saggi e casi specifici, molti degli inganni - e degli autoinganni - a cui Paolo Mieli fa riferimento. Con il rigore del grande storico e lo spirito sempre tagliente dell'esperto polemista, Mieli indica con decisione un elemento che i nostri tempi ci hanno «sbattuto in faccia»: la storia non è finita negli anni Novanta del secolo scorso, come si è troppo spesso e troppo a lungo sostenuto, ma ha al contrario vissuto un'accelerazione. Eccoci, quindi, nel secolo infinito, un Novecento che dura tutt'oggi con la sua eredità di conflitti, divisioni, violenza, distruzione. Da figure mitiche come quella di Ercole fino al conquistatore Alessandro Magno, dai viaggi di Marco Polo alle posizioni protofemministe di Lutero, dal Risorgimento (tradito?) alle pagine più scivolose del crollo del regime fascista, Il grande inganno riesce a smascherare fallacie storiche e approcci fuorvianti, offrendo al lettore più attento una cassetta degli attrezzi per agire nel presente, e leggerlo. Perché, come conclude Mieli, «è troppo presto per elaborare teorie su come mettere in armonia l'intero mondo d'oggi. E, tanto meno, quello di domani. Ma non è presto per metterci al riparo dagli inganni». Leggi di più Leggi di meno Argomenti Storia universale
90;Il simbolismo paleocristiano. Dio, cosmo, uomo;Gerhart B. Ladner;https://www.ibs.it/simbolismo-paleocristiano-dio-cosmo-uomo-libro-gerhart-b-ladner/e/9788818036305;"Descrizione Quest’opera, frutto di una vita di ricerche, offre un’introduzione completa e di chiara comprensione al complesso mondo simbolico paleocristiano, bizantino e altomedievale dando al lettore le necessarie chiavi di lettura ai fondamenti primi dell’intero simbolismo cristiano, «che cerca l’Invisibile nel visibile». Le prospettive tematiche sono quelle proprie del primo cristianesimo e vengono indicate nel sottotitolo Dio, cosmo, Uomo: il simbolismo teologico, che comprende le rappresentazioni di Dio; il simbolismo cosmologico, cioè le rappresentazioni del mondo (nella sua totalità e nelle sue singole parti); e il simbolismo antropologico, che riguarda l’uomo e le sue comunità. Leggi di più Leggi di meno Argomenti Arte medioevale Arte paleocristiana Arte sacra"
91;Agostino l'africano;Catherine Conybeare;https://www.ibs.it/agostino-africano-libro-catherine-conybeare/e/9788826610788;Descrizione «Il volume di Catherine Conybeare per la Libreria Editrice Vaticana esplora un aspetto poco considerato dell’identità del filosofo Agostino: riguarda le insicurezze giovanili, il legame con il discepolo Giuliano e, soprattutto, la successiva rottura» - Paolo Mieli, Corriere della Sera Dotta e scorrevole biografia di sant’Agostino che fa emergere un tratto spesso ignorato del Santo di Ippona: la sua eredità africana. Conybeare smonta la prospettiva eurocentrica sul grande Dottore della Chiesa mostrando come l’africanità di Agostino, ovvero il suo essere un “outsider” rispetto a Roma, sia un elemento centrale e fondamentale per la sua biografia e il suo pensiero. Questo elemento, e quanto ne consegue, viene indagato dall’Autrice con brio e competenza. Leggi di più Leggi di meno
92;Fisica generale basato sull’opera di E. Ragozzino. Manuale conforme al Syllabus per il semestre filtro 2026- 2027. Con assistente virtuale;;https://www.ibs.it/fisica-generale-basato-sull-opera-libro-vari/e/9788836232604;"Descrizione Il volume di Fisica Generale è stato concepito per accompagnare gli studenti del semestre filtro nell’acquisizione delle conoscenze e delle competenze fondamentali della disciplina. Il percorso didattico, caratterizzato da un’esposizione chiara e progressiva, è pensato anche per chi possiede una preparazione iniziale limitata e guida gradualmente alla comprensione dei principi fisici essenziali e delle loro applicazioni. Gli argomenti sono trattati con particolare attenzione agli aspetti metodologici e al ragionamento quantitativo, attraverso numerosi esempi, applicazioni ed esercizi che favoriscono un apprendimento efficace e consapevole. In linea con gli obiettivi formativi previsti per il semestre filtro 2026 - 2027, il manuale rappresenta uno strumento completo e aggiornato per la preparazione dell’esame di Fisica, offrendo un valido supporto sia durante le attività didattiche sia nello studio individuale. L’opera è arricchita da un’ampia iconografia e da Domande di verifica ed Esercizi presenti alla fine di ciascun capitolo. Inclusi con il volume, un software online con migliaia di Quiz di Fisica; Eddie, il tutor virtuale EdiSES basato sull’intelligenza artificiale, che semplifica la tua preparazione. Con i QR Code presenti all'interno del volume accedi alla piattaforma dei contenuti digitali e usi l'IA mentre studi: quiz e flashcard per fissare i concetti, simulazioni per allenarti alla prova d'esame, sintesi dei capitoli e risposte immediate ai tuoi dubbi e domande a completamento. Eddie valuta anche i tuoi progressi capitolo per capitolo: sai subito dove sei forte e dove insistere, e arrivi agli esami del semestre filtro davvero preparato. Leggi di più Leggi di meno Argomenti Semestre Filtro"
93;La ricreazione è finita;Dario Ferrari;https://www.ibs.it/ricreazione-finita-libro-dario-ferrari/e/9788838944703;"Descrizione Libro vincitore del Premio Mastercard letteratura 2023, del Premio Flaiano 2023 e Libro dell'anno di Fahrenheit Radio TreQuesto libro racconta la storia di due giovinezze incompiute, diversissime eppure con una loro sghemba simmetria. Marcello è un trentenne senza un vero lavoro, resiste ai tentativi della fidanzata di rinsaldare il legame e cerca di prolungare ad libitum la sua condizione di post-adolescente fuori tempo massimo. La sua sola certezza è che vuole dirazzare, cioè non finire come suo padre a occuparsi del bar di famiglia. Per spirito di contraddizione, partecipa a un concorso di dottorato in Lettere, e imprevedibilmente vince la borsa. Entra così nel mondo accademico e il suo professore, un barone di nome Sacrosanti, gli affida come tesi un lavoro sul viareggino Tito Sella, un terrorista finito presto in galera e morto in carcere, dove però ha potuto completare alcuni scritti tra cui le Agiografie infami, e dove si dice abbia scritto La Fantasima, la presunta autobiografia mai ritrovata. Lo studio della vita e delle opere di Sella sviluppa in lui una specie di identificazione, una profonda empatia con il terrorista-scrittore: lo colpisce il carattere personale, più che sociale, della sua disperazione. Contemporaneamente sperimenta dal di dentro l'università: gli intrighi, le lotte di potere tra cordate e le pretestuose contrapposizioni ideologiche, come funziona una carriera nell'università, perfino come si scrive un articolo «scientifico» e come viene valutato. Si moltiplicano così i riferimenti alla vita e alla letteratura di Tito Sella, inventate ma ironicamente ricostruite nei minimi dettagli; e mentre prosegue la sarcastica descrizione della vita universitaria, il racconto entra nella vita quotidiana di Marcello e nelle sue vitellonesche amicizie viareggine. Realtà sovrapposte, in cui si rivelano come colpi di scena delle verità sospese. Che cosa contiene l'archivio Sella, conservato nella Biblioteca Nazionale di Parigi? Perché il vecchio luminare Sacrosanti ha interesse per un terrorista e oscuro scrittore? E che cosa racconta, se esiste, La Fantasima, l'autobiografia perduta? La ricreazione è finita è un'opera che si presta a significati e interpretazioni molteplici. Un narrato in cui si stratificano il genere del romanzo universitario - imperniato dentro l'artificioso e ossimorico mondo dell'accademia -, con il romanzo di formazione; il divertimento divagante sui giorni perduti di una generazione di provincia, con la riflessione, audace e penetrante, sulla figura del terrorista; e il romanzo nel romanzo, dove l'autore cede la parola all'autobiografia del suo personaggio. In copertina Autoritratto di Jamie Coreth, 1989 Leggi di più Leggi di meno"
94;Sottomissione;Michel Houellebecq;https://www.ibs.it/sottomissione-libro-michel-houellebecq/e/9788845278709;"Descrizione ""È la sottomissione. L'idea sconvolgente e semplice, mai espressa con tanta forza prima di allora, che il culmine della felicità umana consista nella sottomissione più assoluta"" Il discusso romanzo di Michel Houellebecq, lo scrittore francese che sta alimentando il dibattito sulla tolleranza religiosa dentro e fuori i confini del suo Paese. Una lettura necessaria per comprendere le ragioni della sua visione del futuro, ma anche le numerose critiche che sta suscitando. Leggi di più Leggi di meno"
95;Fiori per Algernon;Daniel Keyes;https://www.ibs.it/fiori-per-algernon-libro-daniel-keyes/e/9788850241910;"Descrizione Uno dei grandi romanzi del XX secolo, un capolavoro della narrativa di anticipazione: il diario di un uomo che «voleva soltanto essere come gli altri». Algernon è un topo, ma non un topo qualunque. Con un'audace operazione, uno scienziato ha triplicato il suo QI, rendendolo forse più intelligente di alcuni esseri umani. Di certo più di Charlie Gordon, che, fino all'età di trentadue anni, ha vissuto nella dolorosa consapevolezza di non essere molto... sveglio. Ma cosa succederà quando la stessa operazione verrà effettuata su Charlie? Quale sorte accomunerà la sua esistenza a quella del fedele amico Algernon? ""Fiori per Algernon"" è ormai considerato uno dei grandi romanzi del XX secolo, un capolavoro della narrativa di anticipazione: il diario di un uomo che «voleva soltanto essere come gli altri», un romanzo definito dal ""New York Times"" «magistrale e profondamente toccante», un'opera che ha ispirato film, serie televisive, musical, che ha vinto il Premio Hugo e il Premio Nebula e ha venduto oltre cinque milioni di copie nel mondo. Leggi di più Leggi di meno"
96;Villette. Ediz. integrale;Charlotte Brontë;https://www.ibs.it/villette-ediz-integrale-libro-charlotte-bronte/e/9791224208402;Descrizione Pubblicato nel 1853, Villette è l'ultimo romanzo compiuto di Charlotte Brontë, e da taluni è considerato il suo vero capolavoro. Un'opera percorsa da una forza straordinaria che si rispecchia nella determinazione della protagonista, la timida Lucy Snowe. Orfana e sola, Lucy ottiene un posto presso un collegio femminile nella città di Villette, dove spera di lasciarsi finalmente alle spalle le difficoltà del passato e iniziare una nuova vita. Ricco di elementi autobiografici, il romanzo ci regala il ritratto di un'eroina estremamente moderna, sensibile e combattiva, animata da una passione travolgente che la rende viva, reale. L'espediente del doppio, la lucidità d'introspezione, le molteplici sfaccettature dei personaggi, il loro modo di evolversi e definirsi gradualmente e con estrema precisione man mano che la vicenda si snoda, rendono Villette un piccolo gioiello della letteratura ottocentesca. «Villette! Villette !», scrisse George Eliot, «è un romanzo ancora più incredibile di Jane Eyre. C'è qualcosa di sovrannaturale nella sua forza». Leggi di più Leggi di meno
97;Le ore d'oro;Louisa Young;https://www.ibs.it/ore-d-oro-libro-louisa-young/e/9791259677013;"Descrizione Con Le ore d'oro Louisa Young, scrittrice inglese e nipote di Elizabeth Jane Howard, riprende il lavoro della zia dando vita al seguito della saga dei Cazalet. «Sono felicissima di questo nuovo volume della saga dei Cazalet. Le ore d’oro è una lettura meravigliosa». - Nina Stibbe «Magnifico: il seguito avvincente ed emozionante di una saga amatissima, nonché un maestoso omaggio a Elizabeth Jane Howard». - Stacey Halls «Un’impresa ardua, ma Louisa Young ne è uscita trionfante. Le ore d’oro è scritto in modo così splendido e così ricco di sensibilità emotiva che mi ha letteralmente rapito. I Cazalet rivivono». - Elizabeth Buchan È il Natale del 1962 e, come di consueto, la famiglia Cazalet si riunisce per festeggiare. Poiché l'amata Home Place è stata venduta da tempo, Polly e Gerald hanno messo a disposizione di genitori, fratelli e cugini la loro labirintica dimora, Fakenham Hall. Mentre la vecchia guardia – Hugh, Edward, Rupert e Rachel – se ne sta in disparte e osserva l'Inghilterra di un tempo svanire lentamente, le cugine Louise, Clary e Polly, ormai tutte sulla soglia dei quarant'anni, occupano il centro della scena. Louise è una donna in carriera con una vita sentimentale instabile; Clary si sforza di coniugare il ruolo di madre e m glie con il lavoro da sceneggiatrice; Polly ha finalmente realizzato il sogno di vivere in una grande casa tutta sua. Determinate a emanciparsi dalle convenzioni, le tre donne cercano un nuovo equilibrio tra aspettative sociali e reconditi desideri personali. E poi c'è la nuova generazione, che deve fare i conti con una società sull'orlo di un grande cambiamento: Juliet, la figlia di Zoë e Rupert, è una ragazza bellissima ma molto ingenua e lavora come attrice; Neville, il suo fratellastro, aspira a diventare un regista di successo; e Simon, il fratello di Polly, abita nella piccola comune creata dalla sorella nella campagna del Norfolk ma conduce una doppia vita. Nel nuovo avvincente romanzo di Louisa Young torneremo ad assaporare atmosfere rétro, ritroveremo volti familiari e incontreremo nuovi personaggi mentre l'eredità dei Cazalet continuerà a vivere nel corso dei ruggenti anni Sessanta. Leggi di più Leggi di meno"
98;Quando l'Italia rinacque. Il nostro Rinascimento;Aldo Cazzullo;https://www.ibs.it/quando-italia-rinacque-nostro-rinascimento-libro-aldo-cazzullo/e/9791259856265;Descrizione Il nuovo libro di Aldo Cazzullo è il racconto avvincente di un tempo in cui l'Italia era la superpotenza culturale del mondo. Un'eredità ancora viva ai giorni nostri. I Medici, Leonardo, Michelangelo, Raffaello, Colombo, Galileo. Aldo Cazzullo prosegue il suo straordinario viaggio nella storia e conduce il lettore per mano attraverso il Rinascimento. In un'epoca segnata da guerre, intrighi e tradimenti, l'Italia vide una fioritura senza precedenti in tutti i campi del sapere umano. E con la sola forza di queste menti geniali seppe rivoluzionare il mondo, dando inizio alla modernità. La saga dei Medici. Il viaggio di Cristoforo Colombo. I più grandi artisti che l'umanità abbia mai avuto: Leonardo, Raffaello, Botticelli. Il più grande di tutti, almeno secondo l'autore: Michelangelo (a vent'anni la Pietà, a 25 il David, a trenta la volta della Sistina, e poi il Giudizio Universale, il Mosè…). Aldo Cazzullo prosegue il suo viaggio nella storia e nell'identità italiana raccontando il nostro Rinascimento. “Quando l'Italia rinacque” affronta non solo l'arte e la letteratura, ma gli eventi e i pensieri del tempo: l'uomo al centro dell'universo, l'uomo che ha fiducia in se stesso ed è artefice del proprio destino. Una grande avventura della libertà, che porta il cavallo alato dell'Ariosto sulla Luna e i navigatori a scoprire il Nuovo Mondo. E tra i grandi personaggi ci sono le donne: da Vittoria Colonna, che ispira Michelangelo, a Lucrezia Borgia, calunniata dalla leggenda nera che la trasformò in un'avvelenatrice mentre in realtà era terziaria francescana. Sino al tramonto del Rinascimento, segnato da tre tragedie: il rogo di Giordano Bruno, l'abiura di Galileo, la morte di Caravaggio. Leggi di più Leggi di meno Argomenti Italia-Storia Rinascimento
99;La pietra e la seta;Mikael Niemi;https://www.ibs.it/pietra-seta-libro-mikael-niemi/e/9791281724853;"Descrizione Una saga famigliare e politica ad alta tensione che lega la Svezia di oggi a quella dei primi decenni del Novecento, quando i lavoratori del Tornedal cominciarono a ribellarsi alla povertà e a rivendicare i loro diritti. «La pietra e la seta è infatti anche un grande romanzo familiare, e se attraverso la vicenda di Saara assistiamo all'infausta condizione della donna nella Svezia dell'epoca, sempre subordinata alle decisioni maschili [...], con la figlia Martha scopriamo invece il desiderio delle generazioni successive di dire ""no"" a un destino che tutti ritengono immutabile.» - Vanni Santoni, La Lettura Pajala, estremo Nord della Svezia, giorni nostri. Durante gli scavi per una bonifica, affiorano in una torbiera i resti di un essere umano, un segreto sepolto lì da chissà quanti anni, e la polizia avvia le indagini. Nel Sud del paese, intanto, Siw è turbata da uno dei suoi episodi di preveggenza, una visione inquietante che sembra reclamarla su al Nord, terra d’origine del padre e di antichi miti sciamanici. Per venire a capo del mistero che lega le due vicende bisognerà riavvolgere il filo fino agli anni Trenta del Novecento, quando gli sterratori del Tornedal impegnati nella costruzione della rete stradale, sulla scia delle lotte che agitavano l’Europa intera, si organizzarono in sindacato per riscattarsi dalla miseria e battersi per i propri diritti. Un periodo turbolento e duro, in cui molte famiglie si disgregarono, per fame o per ideologia. Come quella dei fratelli Vanhakoski: Wilhelm è l’erede della fattoria paterna e un predicatore laestadiano, vicino ai potenti della città; Eino è un bracciante sommerso dai debiti e col vizio dell’alcol, ma attivo nell’organizzazione del primo sciopero generale della regione. Ricostruendo la loro faida e le dolorose vicissitudini di Eino, della moglie e dei loro discendenti fino a oggi, Mikael Niemi tiene alta la tensione e ci avvicina svolta dopo svolta alla verità del macabro ritrovamento nella torbiera. E insieme scava nella Storia, accostando personaggi di fantasia a figure realmente esistite per far emergere un discorso politico fatto più di materia che di teoria: corpi sfruttati, umiliazioni quotidiane, bisogni negati, fame, fatica – le origini sofferte dello stato sociale più famoso del mondo. Leggi di più Leggi di meno"
100;Le origini del male;You-jeong Jeong;https://www.ibs.it/origini-del-male-libro-you-jeong-jeong/e/2000000163406;Descrizione Una discesa negli inferi della mente, un'esplorazione nelle profondità del male. «Uno Stephen King in Corea: è donna» – La Lettura, Il Corriere della Sera Yu-jin si sveglia una mattina nel proprio letto ricoperto di sangue. Non solo il suo corpo, ma tutta la stanza ne è imbrattata. Lui non ricorda quasi niente della notte appena trascorsa, solo di essere uscito a correre per distendere i nervi. O meglio, di essere sgattaiolato fuori di casa visto che sua madre non deve sapere delle sue scappatelle notturne. Da quando sono morti il padre e il fratello maggiore, Yu-jin segue una terapia di psicofarmaci che tiene a bada l'epilessia di cui soffre, ma che gli procura terribili effetti collaterali: emicranie atroci, acufeni, attacchi di rabbia. E vuoti di memoria. Ecco perché non ricorda cosa sia successo per ritrovarsi in quello stato. Quando cerca di ricostruire gli eventi della notte precedente esplorando l'appartamento, Yu-jin trova in cucina il cadavere della madre con la gola tagliata. Ma è solo l'inizio. Leggi di più Leggi di meno
